VDA Data Log,,,,,,,,,,,,,,,,,,,,,,,,
Nov-26, 2018 6:33:35 PM,,,,,,,,,,,,,,,,,,,,,,,
Time (s),Engine Coolant Temperature (?C),Catalyst Temperature Bank 1 - Sensor 1 (?C),Absolute Throttle Position B (%),Evap. System Vapor Pressure (Pa),Fuel Level Input (%),Barometric Pressure (kPa),Vehicle Speed (km/h),Absolute Load Value (%),Ambient Air Temperature (?C),Long Term Fuel Trim Bank 1 (%),Commanded Throttle Actuator (%),Timing Advance for #1 cylinder (?),Commanded Equivalence Ratio (?),Accelerator Pedal Position E (%),Short Term Fuel Trim Bank 1 (%),Calculated Engine Load Value (%),Accelerator Pedal Position D (%),Engine RPM (rpm),Mass Air Flow Rate (g/s),Control Module Voltage (V),Relative Throttle Position (%),Intake Air Temperature (?C),Commanded Evaporative Purge (%),Absolute Throttle Position (%)
0,,,,,,,,,,,,,,,,,,,,,,,,
3,34,0,7.4,0.5,72.9,102,33,35.1,18,-3.9,7.2,20.9,0.996,4.5,0.4,35.8,4.4,1420,7.55,12.948,0.5,18,,
6,35,0,6.5,1.5,72.9,102,31,27.8,18,-3.9,6.6,4,0.996,0,3.9,31.1,0.3,1288,5.9,12.828,1.3,18,0,6.4
9,36,0,6.3,2,72.9,102,30,26.7,18,-3.9,6.3,5.3,0.996,0.5,3.4,31.3,0,1266,5.63,12.895,1.6,18,0,6.3
12,36,0,6.3,0,72.9,102,24,28.3,18,-3.9,6.3,4,0.996,0,4.4,32,0,1226,5.56,12.93,1.5,18,0,6.3
15,38,0,6.4,0,73.2,102,10,36.2,18,-5.3,6.3,-2.6,0.997,0,1.4,38.4,0,1086,5.37,12.906,1.2,18,0,6.3
18,38,0,5.8,0,73.3,102,2,36.9,18,-6.3,6,-5.4,0.999,0,-1.9,47.6,0,838,4.9,13.04,0.8,18,0,5.6
21,38,0,5.3,0,73.2,102,0,31.8,18,-6.3,5.4,1,0.999,0,6.9,40,0.1,868,4.47,12.978,0.8,18,0,5.3
24,39,0,5.1,0.7,72.9,102,0,30.6,18,-6.3,5.1,1,0.999,0,6.5,39.1,0,850,4.22,12.961,0.8,18,0,5.1
27,40,0,5.1,4.3,72.9,102,1,30.1,18,-6.3,5.1,0.9,0.999,0,5.8,38.4,0,832,4.14,12.872,0.8,18,0,5
30,41,0,4.8,0.9,72.9,102,0,27.8,18,-6.3,4.9,4.1,0.999,0,5.2,36.6,0,816,3.98,12.749,0.7,18,0,4.7
33,41,0,4.7,0,72.9,102,0,26.7,18,-6.3,4.7,7.5,0.999,0,4.7,34,0,823,3.55,12.88,0.4,18,0,4.7
36,42,0,4.7,0,72.9,102,0,26.7,18,-6.3,4.7,8.3,0.999,0,4.8,33.7,0,812,3.56,12.881,0.4,18,0,4.4
39,42,0,4.7,0,72.9,102,0,29.5,18,-6,5.2,8.3,0.999,0,5.5,33.7,0.1,824,3.6,12.88,0.4,18,0,4.3
42,42,0,7.3,0,72.9,102,0,41.6,18,-3.9,11,21.6,0.997,10.4,0.8,50.8,10.1,1474,11.04,12.88,5.7,18,4.9,9.1
45,43,0,18.4,0,72.5,102,22,66.4,18,-2.2,19.3,14,0.996,18.1,-2.5,72,18.1,1962,19.89,12.908,14.1,18,29.4,18.9
48,43,0,26.4,0.6,72.3,101,33,73.9,18,-1.6,24.8,11.5,0.996,21.5,-1.3,85.1,21.6,2159,26.01,12.96,21,18,89.8,25.9
51,44,0,26.9,4.3,72.2,101,44,74.5,18,-1.6,26.8,12.5,0.996,21.2,3.3,84.5,21.6,2308,27.72,12.96,22.6,17,87.1,27.2
54,45,0,23.7,4.4,72.3,101,51,73.6,17,-1.6,26.4,12.2,0.996,21.2,0,86,21.1,2414,28.65,12.96,22.2,17,73.3,21.4
57,47,0,17.8,0,72.5,101,54,70.4,17,-1.6,21.9,9.7,0.996,19.3,-0.6,82.3,19,2049,22.63,12.96,17.7,17,55.1,16
60,48,0,14,0,72.5,101,52,39.2,17,-3.4,10.7,20.3,0.996,6.8,-0.3,50.6,8.9,1766,12.98,12.96,8.8,17,31.7,12.2
63,49,0,5.1,0,72.5,102,46,25,17,-3.9,6,8.8,0.534,0,0,23.4,0,1574,5.41,12.96,0.4,17,0,5.5
66,50,0,5.1,0,72.7,102,38,19.4,17,-3.9,5.1,-6.8,0,0,0,21.6,0,1310,4.28,12.96,0.4,17,0,5.1
69,50,0,5.6,0,73.2,102,30,26.7,17,-3.9,5.8,-5.6,0.053,0.3,0,27.5,0,1102,4.29,12.977,0.4,17,0,5.1
72,51,0,8.1,10.8,73.7,102,24,40.9,17,-3.9,9.8,17.1,0.996,11.3,-10.1,58.9,8.8,1238,9.87,12.968,3.8,17,5,9.1
75,51,0,12.9,52.3,73.3,102,32,60.3,17,-3.9,10.4,14.4,0.996,9.3,-0.5,57.9,8,1300,9.53,12.96,4.1,17,7.2,11.7
78,51,0,5.9,0,73.3,102,35,34.9,17,-3.9,7.4,2.3,0.5,4.4,3.1,39.8,2.8,1260,5.5,12.96,0.4,17,0,6.2
81,52,0,5.3,0,73.8,102,33,22.3,17,-3.9,5.1,-7.4,0,0,0,25.4,0,1165,4.25,12.957,0.4,17,0,5.1
84,52,0,4.9,0,74.3,102,25,21.6,17,-3.9,5.1,-4.4,0.099,0,-0.3,26.7,0,1088,4.2,12.881,0.4,17,0,4.8
87,52,0,4.8,0,74.6,102,13,22.9,17,-3.9,5.1,16,0.996,0.1,-7.7,31.1,0,928,4.05,12.832,0.4,17,0,4.9
90,52,0,5.1,0,75.3,102,0,29.1,17,-5.9,4.8,5.8,0.998,0,-4.5,34.1,0,837,3.93,12.895,0.4,17,0,5
93,52,0,4.7,0,75.3,102,0,28,17,-6.3,4.7,3.3,0.999,0,1.1,35.7,0,820,3.8,13.022,0.4,17,0,4.9
96,53,0,8.2,2.8,75.3,102,4,30.9,17,-5.3,6.4,14,0.998,2.3,5.1,35.8,1.6,927,4.27,12.956,0.5,17,0.4,8.2
99,53,4.1,9.6,2.3,75.1,102,13,32.9,17,-3.9,8.4,29.6,0.996,8.1,4,40.4,8.6,1412,8.73,12.881,3.5,17,4.3,8.7
102,53,12.3,8.4,0,74.9,102,24,28.8,17,-3.9,5.9,23.5,0.996,0,7.7,31.8,2.4,1230,6.08,12.972,1.8,17,3.2,7.5
105,53,24,5.5,0,75.3,102,22,21.4,17,-3.9,5.3,31.5,0.996,4.6,5.3,35.6,5.7,1173,8.15,13.014,3.1,17,1.2,7.2
108,54,39.7,12.7,0,75.6,102,27,45.3,17,-1.9,9.5,23.7,0.996,9.8,1.5,50.3,12.2,1245,13.48,12.939,9.8,17,5.5,14.5
111,54,62.9,16.4,3.6,75.5,102,34,66.9,17,0,15.6,7.1,0.996,13.7,-2.2,73.8,13.4,1412,14.35,12.721,9.8,17,23.4,15.7
114,54,93.3,17.9,9.7,75.3,101,42,72.6,17,0,18.8,4,0.996,16.5,-1.6,82.2,16.4,1511,16.36,12.912,12.9,17,60.1,17.3
117,55,123.2,18.3,14.7,75.3,101,52,70.4,17,0,18.7,5.7,1.001,16.5,-1.6,81,16.7,1577,17.24,12.946,14.7,17,88.3,18.4
120,56,155.5,18,6,75.3,101,56,68.5,16,0,18.1,6.9,1.003,16.3,-1.3,78.8,16.6,1616,17.38,12.897,14.7,16,93.3,18.2
123,57,185.9,14.9,14.4,75.3,100,61,58.5,16,-1.8,14.9,10.1,1.003,15.1,-1.9,76.1,15.5,1583,16.71,12.96,13.5,16,93.5,15.7
126,58,212,14.1,15.6,75.1,100,65,54.2,16,-3.9,12.1,12.5,1.004,13.1,-3.9,73.2,13.3,1362,14.11,12.96,10.6,16,94.6,14.8
129,58,233,15.6,18.8,74.9,100,68,62.5,16,-3.6,15.8,8.5,0.986,14.5,7,71.7,14.5,1518,15.18,12.96,12.6,16,94.2,16
132,59,252.9,17.1,30.8,74.9,101,70,65.1,16,0,17.3,9.1,0.992,15.7,4.3,72.3,15.3,1644,16.51,12.96,13.3,16,94.1,16.9
135,60,276,14.1,30.7,74.9,100,74,45.4,16,-2.8,11.6,21.7,0.999,14,2.3,68.7,14.1,1581,12.92,12.96,9.4,16,77.7,14.3
138,61,282.8,10.3,127.9,74.9,101,74,46.8,16,-3.9,11.3,22.6,1,13.2,0.8,68.5,13,1418,7.76,12.96,2.2,16,4,4.4
141,62,297.6,14.9,76.4,74.7,101,75,58.9,16,-2.4,15.1,16.2,0.994,15.3,-0.2,76.9,15.1,1466,15.41,12.96,12.5,16,93.8,16.5
144,62,314.2,19.9,14,74.6,101,77,69.8,16,-0.3,19.2,15.1,0.99,17.1,2.3,77,16.9,1749,18.54,12.96,14.1,16,93.3,19.8
147,62,333.2,22.6,0,74.9,101,81,72.2,16,-1.6,23.1,12.5,0.998,19.6,3.1,82.2,19,1921,21.42,12.855,17,16,92.1,22.7
150,63,356.5,24.2,0.3,74.9,101,86,72.1,16,-1.6,24.6,12.1,1.004,20.4,3.1,82.4,20.5,2038,23.66,12.837,19.6,16,91,24.8
153,64,383.3,26.7,3.5,74.5,101,89,72.7,16,-1.6,25.9,12,1.004,21,3.1,82.7,21.2,2101,24.76,12.88,21.3,16,90.2,26.7
156,65,399.6,26.7,1,74.5,101,92,72.9,16,-1.6,26.5,12.4,1,21.2,3.3,83.1,21.2,2130,24.89,12.887,21.6,16,90.1,26.3
159,66,420.9,26,0,74.7,101,95,71.7,16,-1.6,25.1,13.5,0.998,20.6,3.6,82.5,20.9,2141,24.89,12.96,21.9,16,90.2,26.3
162,66,437,22.4,0,74.9,101,96,68.6,16,-1.6,21.5,15.2,1.005,17.3,1.6,75.6,16.5,1860,19.93,12.96,16.3,16,92.1,21.3
165,67,446.7,17.7,1.5,74.9,101,98,63.5,16,-1.6,17.6,17.5,1.009,16.7,0.4,74.9,16.5,1878,19.1,12.96,13.9,16,93.3,17.7
168,68,456.5,18,8.8,74.5,101,100,64.2,16,-1.6,17.9,17.5,1.005,16.5,0,73.9,16.5,1887,19.43,12.96,14.2,16,93.3,18.1
171,69,469.8,18.4,2.2,74.2,101,100,64.3,16,-1.6,18.2,17.5,1.001,16.8,0.3,73.9,16.7,1896,19.68,12.949,14.7,16,93.3,18.4
174,69,476.7,20,0,74.1,101,100,65.7,16,-1.6,19.3,17.2,0.997,17.4,0.9,75.6,17.4,1929,20.11,12.88,16.5,16,91.7,20.2
177,69,486.1,21.6,0,74.1,101,100,68.6,16,-1.5,21.7,16.5,0.993,18.4,1.6,78.7,18.7,2034,22.35,12.937,17.5,16,38.8,21.7
180,70,498.1,22.4,0,74.1,102,102,71.4,16,0,22.7,15.1,0.997,18.9,-0.5,79,19,2051,22.81,12.96,18.2,16,0,22.4
183,71,507.2,22.4,0,74.1,102,102,70.3,16,0,22.5,15,1,18.8,-1.3,77.8,18.3,2032,21.64,12.96,17.4,16,0,21.9
186,71,513.4,14.9,0,73.9,102,102,50.3,16,-0.3,16.8,24.7,1.004,15.6,-2,66.6,15.5,1964,17.27,12.96,12.9,16,0,16.9
189,71,516,11.2,2.3,73.7,102,101,32.9,16,-0.9,8.3,40.5,1.012,7.5,-6.3,25.9,7.8,1886,7.55,12.96,6.5,16,0.8,13.6
192,72,516.9,12.7,5.4,73.7,101,100,48.1,16,-1.6,13.3,24,0.988,13.3,-3.2,51.9,12.3,1870,13.2,12.917,7,16,37.7,12.7
195,72,519.7,14.9,2.5,73.7,100,98,55.6,16,-1.6,14.1,22.7,0.992,13.8,-0.2,63.4,14.1,1862,16.57,12.905,10.1,16,94.1,14.9
198,73,523.2,14.6,11.1,74,100,98,55.2,16,-1.6,15.3,20.6,0.998,15.1,0.6,68.4,15,1865,17.28,12.951,10.3,16,94.1,14.9
201,74,529,17.3,6,74.1,100,99,59.8,16,-1.1,17.2,18.4,1.001,17,-1.3,75.3,17.4,1880,19.79,12.88,15.3,16,91.9,18.3
204,74,535.5,22.4,0,74,101,100,68.5,16,0,20.6,16.9,0.998,17.6,0.8,75.6,18.8,1999,22.34,12.88,18.4,16,90.9,22.8
207,74,541.9,27.5,0.6,73.7,101,102,72.3,16,0,28.2,15.5,0.995,22.3,3.2,80.9,21.3,2205,25.52,12.926,22.8,16,89.2,26.9
210,75,548.4,29.4,3.5,73.7,101,106,75.2,16,0,29.1,13.4,0.996,22.2,1.2,83.1,22.4,2342,27.76,12.96,24.5,16,88.3,28.6
213,75,558.2,22.4,0.8,73.7,101,107,71.8,16,0,26,14.3,0.998,21,-0.5,82.2,21.5,2304,27.04,12.96,22.1,16,90.2,22.7
216,76,562.3,23,2.7,73.5,101,109,69.7,16,0,22.7,16.3,0.999,19.2,0,79.2,19.2,2099,23.16,12.961,18.7,16,90.6,23
219,76,566.6,23.5,5.9,73.4,101,110,71.2,16,0,23.9,15.5,0.995,19.6,0.8,79.1,19.5,2146,24.09,12.96,19.3,16,90.6,23.5
222,76,572.3,23.5,7.8,73.7,101,108,69.7,16,0,23.8,15.6,0.995,19.6,1.7,79.4,19.6,2156,24.37,12.926,19.6,16,90.2,23.9
225,77,574.7,24.7,0,73.4,101,108,71.7,16,0,25.6,14.7,0.992,20.4,2.6,80.7,20.4,2191,24.87,12.896,20.1,16,90.1,24.1
228,77,578.5,26.1,2.4,73.3,101,108,72.9,16,0,27,14.3,0.991,21.6,2.8,82.8,22,2289,26.38,12.96,22.4,16,88.3,27
231,77,583,27.1,5.2,73.3,101,108,73,16,0,26.7,15,0.999,21.6,0,83.4,22,2359,27.62,12.906,22.4,16,88.2,27.1
234,78,589,27.2,6.6,73.3,101,110,73.6,16,0,27,14.6,0.998,21.9,0,84.2,22.2,2376,27.91,12.915,22.5,16,87.9,27.3
237,78,595,27.8,0,73.3,101,110,73.7,16,0,27.5,14.2,0.997,22.2,0,84.2,22.4,2399,28.16,12.96,22.8,16,88.2,27.8
240,79,598.9,27.8,0,73.1,101,111,73.7,16,0,28,13.8,0.997,22.4,0.4,83.7,22.5,2428,28.34,12.96,23.1,16,87.7,27.8
243,80,602,27.7,0,72.9,101,113,73.9,16,-0.4,27.6,14,0.998,22.3,1.6,84.7,22.7,2449,28.45,12.96,23,16,87.8,28.1
246,80,605.2,27.1,0,72.9,101,114,74.2,16,-1.6,25.1,16.5,1,20.4,1.6,79.9,21.2,2312,26.75,12.96,22,16,88.8,27.1
249,81,608.3,24.9,0,72.9,101,114,68.9,16,0,24.8,15.8,1,20.1,2,79.1,20.6,2222,25.42,12.928,20.9,16,89.9,25.6
252,81,611.1,7.5,0,72.9,101,114,46.8,16,-1,19.8,20.4,1,18.1,2,73.3,19.2,2179,23.87,12.899,19.3,16,90.4,24.4
255,81,609.3,15.9,0,72.9,100,114,48.9,16,-1.6,18,22,0.999,16.3,1.1,66.8,17.1,2162,21.64,12.958,14.9,16,92.1,20
258,81,608,21.5,0.3,73,100,114,65.1,16,-1.4,21.9,16.8,1,18,-0.8,75.2,18.4,2160,23.2,12.88,17.9,16,90.9,21.6
261,81,608.7,24.1,0.7,73.3,101,112,65,16,0,28.1,13.6,0.998,21,-0.4,81.2,21.1,2292,26.08,12.912,21,16,89.1,25
264,82,608.9,30.9,0,72.9,101,113,30.4,16,0,26.9,14.1,0.999,22.3,0,85.6,23.5,2418,29.26,12.96,25.9,16,86.5,30.9
267,82,613.7,28.7,0.9,72.9,101,114,70.4,16,0,24.3,15.5,1.003,19.6,0,78.7,20,2198,24.57,12.9,21.7,16,88.8,27.1
270,83,616,24.4,2.4,72.9,101,116,69.8,16,0,24.7,15,1.001,19.9,1.7,78.5,20.3,2207,24.65,12.922,20.2,16,90,24
273,83,615.9,21.2,1.8,72.9,100,118,66.6,16,0,23.3,16.3,1.002,11.8,2.3,52.2,16.1,2207,20.98,12.96,17.6,16,90.5,22.2
276,84,610.5,15.7,0.4,72.9,100,117,60.3,16,-0.9,20.3,19.3,1.003,9.8,1.8,40.5,13.1,2203,16.91,12.949,11.7,16,92.2,15.7
279,84,609.6,10.4,16.6,72.9,100,115,41.5,16,-2.6,15.4,26.3,1.004,16.4,0,67.2,17.2,2209,22.57,12.88,16.9,17,13.3,8.1
282,84,606.6,8.4,26.2,72.9,101,114,18.4,16,-4.5,8.7,39,1.013,11,-5.5,36.1,12.2,2148,13.77,12.931,11.3,17,56.1,9.4
285,84,603.1,12.6,14.7,72.9,100,116,42.4,16,-1.6,12.9,27.5,0.996,4,1.2,25.2,5.5,2150,9.29,12.96,5.2,17,69,11.1
288,84,591,4.7,0,72.9,101,115,21.3,16,-3.5,8.3,6.6,0.534,1.8,3.4,16.4,2.2,2135,4.73,12.96,0.8,17,0,5.2
291,84,583.8,6.7,0,72.7,102,114,14.5,16,-4.7,5.8,4.7,0.27,5,0,16.2,6.8,2103,6.47,12.96,3.1,17,0,7.5
294,84,578.2,8.1,0,72.5,102,114,20.9,16,-4.7,7.9,39,1.013,7.5,0,23.5,7.5,2124,7.38,12.96,3.4,17,0,7.7
297,84,575.2,9.9,0,72.5,102,114,23.5,16,-4.7,8.6,39,0.998,9.2,0.6,31.9,10.7,2141,11.84,12.917,6.9,17,36.8,10.7
300,84,572.1,16.2,0,72.5,100,116,49.8,16,-2.5,14.5,27,0.996,13.3,-0.5,51.2,14.2,2172,17.11,12.907,12.3,17,92.5,16.9
303,84,574.9,23.9,0,72.5,101,116,65.3,16,-0.7,21.4,18.1,1.002,17.7,-1.3,71.6,17.1,2223,20.7,12.97,15.9,16,91.2,22.4
306,84,578.6,19.4,10.7,72.5,101,117,64.2,16,-0.6,22.2,17.9,1.011,19.7,-0.8,79.5,19.3,2284,21.77,13.02,9.8,16,93.5,14.5
309,84,580,17.1,11.4,72.5,100,118,56.4,16,-1.6,16.7,23.2,1.002,16.1,-0.8,66.7,16.1,2236,20.44,12.974,12.4,16,92.7,16.6
312,84,580,18.3,0,72.5,100,118,58.9,16,-1.6,15.3,24.5,1.003,10.6,-0.2,45.8,13.9,2229,17.27,12.96,11.7,16,92.5,17.8
315,84,580.1,19.6,0,72.5,100,118,66.6,16,-0.4,20.7,19.6,0.997,16.7,0.4,60.1,17.4,2269,20.34,12.96,14.2,16,91.9,19.5
318,84,583.1,29,0,72.5,101,117,72,16,-0.9,26.2,14.8,0.994,21.8,0.8,83.2,22.6,2377,28.25,12.96,22.9,16,87.8,28.6
321,84,589.3,29.3,3.2,72.5,101,115,75,16,-1.6,29.3,12.8,0.997,22.8,0.8,84.2,23.1,2527,29.99,12.96,24.3,16,87.4,29.4
324,84,595.5,30,3.3,72.5,101,114,74.5,16,-1.6,29.9,13.5,1.002,23.1,0.8,83.8,23.5,2548,30.42,12.96,25.2,16,86.7,30.3
327,85,600.8,30.9,0,72.5,101,114,74.5,16,-1.6,30.6,14,1.002,23.4,1.4,83.9,23.8,2573,30.49,12.917,25.5,16,86.8,30.9
330,86,604,30.6,0,72.5,101,114,73.9,16,-1.6,29.8,13.4,1.001,23.3,0.8,84.1,23.5,2561,30.18,12.906,25.1,16,87.5,29.8
333,86,606.6,24.6,10.3,72.5,101,114,71.4,16,-0.8,26.8,13.4,0.999,19,0.3,70.6,19.3,2436,25.76,12.96,22.2,16,87.4,25.5
336,86,608,13.7,6.8,72.5,101,112,57.1,16,-0.5,21.5,16.5,0.996,12.2,0.4,40.1,9.5,2124,8.28,12.96,0.8,16,32.1,10.5
339,86,606.6,10.9,2.4,72.5,101,110,37.5,16,-1.5,14.8,25.4,1.001,17.3,-3.1,73.6,17.6,2085,18.46,12.96,10.9,16,64.2,12.9
342,87,604,21.3,8.5,72.5,101,110,67.5,16,0,22.4,16,0.995,18.3,-1.2,76.5,18.3,2101,22.52,12.96,17.3,16,91,21.9
345,87,603.3,22.7,0,72.5,101,113,68,16,0,22.8,15.7,0.995,19.2,0.9,78.6,19.1,2136,23.28,12.942,18.6,16,90.2,22.8
348,87,604,23.8,5.6,72.5,101,115,68.2,16,0,23.7,15.7,0.997,19.8,2.3,79,19.8,2201,24.06,12.883,19.6,16,90.1,24.3
351,87,606,26.1,5.1,72.5,101,118,69.5,16,-0.3,25.3,15.8,0.998,20.5,2.3,79.9,20.8,2311,26.62,12.96,21.5,16,88.6,26.5
354,87,609.2,26.6,4.4,72.5,101,122,72.6,16,-1.6,28.2,14.5,0.998,22,1.6,65.8,5,2303,12.64,12.96,12.8,16,87.7,24
357,87,612,22.2,19.9,72.5,101,122,67.5,16,-0.4,24.4,16.6,0.999,20.8,0.6,72.2,11.3,2300,15.67,12.96,11.2,16,87.7,20.7
360,87,610.9,27.5,0,72.5,101,121,71.8,16,-0.9,25.8,15.5,0.997,21,0.3,79.2,21.3,2366,26.87,12.96,19.9,16,86.2,27.1
363,87,612,14.4,0,72.3,101,120,48.8,16,-2.7,20.6,6,0.742,17.8,0.7,73.3,20.5,2492,28.25,12.96,22,16,54.8,11.8
366,87,608.6,12.2,3.3,72.2,101,118,24.2,16,-3.9,7.4,-7.6,0.057,1.8,0,12.5,6.3,2136,12.04,12.8,14.8,16,78.5,15.2
369,87,604,21.6,7.6,72.2,100,114,69,16,0,22.7,15.5,1.006,19.2,-0.8,59.2,15.1,2153,19.1,12.885,15.7,16,91.8,20.2
372,87,604,25.5,0,72.2,101,114,70.5,16,0,24.5,15.2,1.004,20.3,0.4,79.9,20.1,2233,25.05,12.934,20.2,16,89.8,25
375,87,606.9,26.4,0,72.2,101,114,65.1,16,-0.8,20.4,19,1,19.1,1.1,77,20,2298,25.77,12.89,21.1,16,88.2,26.3
378,87,608,23.8,0,72.2,101,114,63.6,16,-1.1,17.3,21.2,0.996,15.6,0,64.1,16.4,2150,20.57,12.96,15.7,16,91.3,21.8
381,87,609.6,23.8,0,72.1,100,114,64.6,16,-0.2,22.3,14.3,0.994,19.2,0,77.5,19.6,2149,24.25,13.003,19.7,16,90.2,24.2
384,87,610.5,25.2,3.9,71.8,101,114,50.2,16,-1.6,16.1,22.5,1.004,4.6,2.3,40.6,6.7,2119,12.25,12.99,12,16,60.9,20.4
387,87,604,11.4,29,71.8,100,110,43.9,16,-1.6,14,24.8,0.998,7.1,0.3,37.4,6.1,2095,9.1,12.935,4.4,16,26.9,9.4
390,87,598.6,13.9,9.8,71.8,100,110,48.2,16,-1.6,13.8,25,0.992,13.5,-1.4,54.9,14.1,2087,17.39,12.886,11.5,16,93.3,14.1
393,87,600,16.5,0.4,71.8,100,110,55.1,16,-1.6,16.6,22.2,0.994,15.3,0.8,62.1,15.3,2087,18.69,12.96,12.5,16,93,16.9
396,87,601.3,20.2,2.9,71.8,100,111,63.1,16,-1.5,22.8,16,1.003,20,0.8,78.7,20.4,2208,23.34,12.96,18.1,16,46.2,21.6
399,87,604.1,25.9,11.3,71.8,101,114,71.3,16,0,25.8,14.1,1.001,20.5,0.3,79.9,20.8,2286,25.83,12.96,21.6,16,0,25.9
402,87,606.5,26.2,3.6,71.8,102,115,71.4,16,0,26.1,14,1.001,20.8,0,81,21.2,2325,26.66,12.954,21.6,16,0,25.9
405,87,608,18.3,0,71.8,102,116,68.9,16,-0.4,25.1,14.9,1.003,20.5,0.1,81.3,21.2,2325,27.24,12.88,21.6,16,0,26.2
408,87,608,14.5,0,71.8,101,116,63.9,16,-1.5,20.8,19,0.991,17.6,1.6,72.1,17.6,2239,23.82,12.88,19.1,16,49.4,24.3
411,87,608,22.4,0,71.8,101,116,67.5,16,0,22.7,17.1,0.995,18.7,1.1,75.1,18.8,2219,23.43,12.914,18.1,16,90.8,22.7
414,87,607,20,0,71.8,100,117,63.4,16,0,21,18.3,1.001,18.4,0.5,74.6,18.8,2225,23.72,12.96,18.3,16,90.3,23.5
417,87,608,12.4,0,71.8,100,117,42,16,-1.6,15.5,22.5,1.004,16.1,-0.3,67,16.9,2222,22.22,12.96,15.7,16,91.6,22
420,87,606.5,6.8,0,71.8,101,115,14.1,16,-4.4,6.7,28.9,0.994,9,-2.3,27.8,11,2136,13.49,12.903,10.2,16,93.2,16.5
423,87,603.3,7.8,0,71.8,101,112,26.7,16,-1.6,11.8,25,1.007,11.8,-2.8,40.9,12.2,2137,14.15,12.919,8,16,94.1,12.2
426,87,599.9,7.5,0,71.4,100,112,40.6,16,-1.6,14.3,24.4,1.003,14.7,-3.1,57,14.4,2152,16.94,12.938,10.1,16,93.8,13.1
429,87,596.9,16.4,0,71.4,100,113,54.7,16,-1.6,17.3,22.5,0.997,14.4,-2.5,60.9,16,2175,20.67,12.888,14.4,16,92.2,18.4
432,87,596,13.3,0,71.4,100,115,56.7,16,-1.6,14.6,20.7,0.999,8.7,-0.8,36.7,14.1,2175,17.39,12.96,12.2,16,92.7,14.7
435,87,594.5,8.3,39.9,71.4,101,116,42.5,16,-1.6,0.8,21.5,0.99,0,0,13.3,2.9,2213,7.82,12.96,5.3,16,49.2,9.9
438,87,591.4,11.4,119.3,71.4,100,114,28.2,16,-1.6,9.4,36.5,1.007,9.5,-4.2,42.7,10.4,2273,14.82,12.886,9.1,16,39.3,12
441,86,587.8,23.9,0,71.4,101,115,57.8,16,-0.6,18.5,25.3,1.004,16.7,-3.8,68.2,18.5,2316,24.93,12.859,19,16,89.6,23.9
444,86,591,23.9,1.7,71.4,101,118,71,16,0,24.8,16.1,0.998,20.3,-1,80.5,20.5,2342,26.35,13.035,19.7,16,88.5,23.9
447,86,596.3,24.9,6.2,71.6,101,120,71.2,16,0,25.6,14.4,1.002,21.1,-1.5,85,22.4,2425,28.76,12.96,22.4,16,87.8,26.1
450,86,600,27,7.8,71.7,101,119,69.7,16,-0.1,24.3,16,1.003,20.4,0.8,79.1,20.9,2314,26.55,12.907,21.1,16,88,26.7
453,86,600.5,29.1,0.6,71.4,101,116,75.3,16,-1.6,30.2,13.4,0.998,22.4,0.8,81.4,22,2429,27.78,12.88,22.2,16,88.3,25.5
456,86,607.2,12.5,74.4,71.7,100,115,57.2,16,-1.6,22.7,16.5,0.999,20.6,0.2,78.9,22,2474,28.78,12.894,24.6,16,87.6,23.1
459,86,608,22.3,29.4,71.8,101,113,58.8,16,-1,20,18.1,1.003,17.7,-0.7,72.6,18.9,2156,24.01,12.96,21.6,16,89.3,26.5
462,86,608,23.2,17.9,71.8,101,111,72.5,16,0,27.4,12.7,1.004,22.6,0,84.7,23.1,2411,28.41,12.976,23,16,88.6,25.6
465,86,609.2,19.6,33.8,71.7,100,110,69.1,16,0,23.5,14,0.999,20.4,0.8,81.7,21.1,2270,26.21,12.968,22.2,16,88.8,25.1
468,87,612,25.3,5.6,71.4,101,110,70.6,16,0,24.7,14.4,1.005,20.1,0.8,79.7,20.4,2194,25.02,12.96,20.9,16,89.6,25.5
471,87,611.2,27.1,0,71.4,101,110,72,16,0,26.3,13.8,1.009,20.8,0.8,80.3,21,2229,25.56,12.937,20.7,16,90.2,25.5
474,87,614.3,27.5,2.2,71.4,101,111,73.2,16,-0.4,27,13.4,1.008,21.4,0.9,82.7,22.2,2387,28.1,12.8,22.7,17,88,26.9
477,87,616,27.6,3.2,71.4,101,112,73.5,16,-1.6,25.5,15,0.995,17.3,1.6,70.5,17.3,2149,23.76,12.902,18.2,17,88.8,27.3
480,87,616,26.2,0.6,71.4,101,114,72.2,16,0,24.3,13.9,0.998,17.8,1.6,68.7,16.4,2163,19.23,12.926,12.8,17,80.4,22.2
483,87,615.5,8.6,63.2,71.7,100,114,44.6,16,-1,17.6,20.8,1.005,17.7,-1.8,70.5,16.7,2171,18.24,12.898,10.7,17,62.4,9.9
486,87,613.3,18.2,24.1,71.8,100,114,48.3,16,-1,16.6,23.4,1.007,17.7,-4.8,75.2,18.6,2168,22.91,12.959,17.6,17,90.1,23.5
489,87,612,23.8,0,71.7,100,115,68.8,16,0,23.5,15.9,0.998,19.2,0.8,76.5,19.6,2211,24.11,12.88,19.1,17,90.2,24
492,87,613,25,0,71.5,101,118,70.7,16,0,25.9,15,1.011,21.2,-0.4,81.1,21,2330,26.37,12.926,20.9,17,89.1,25.7
495,87,616.3,27.5,0,71.8,101,122,72.9,16,-1.2,27.3,14.3,1.004,21.7,-0.3,82.3,21.8,2436,28.07,12.96,22.2,17,87.7,27.6
498,87,619.5,27.8,4.3,71.8,101,122,72.9,16,-1.6,27.8,14.3,1,22,0.3,82,22.1,2484,28.66,12.96,22.7,16,87.5,27.8
501,87,622.5,27.8,1.9,71.8,101,122,73.2,16,-1.6,28,14.4,0.999,22.1,0.8,82.1,22.5,2478,28.85,12.96,22.7,16,87.4,27.8
504,87,625.5,28.7,0,71.8,101,122,73.7,16,-1.6,28.7,14,1.001,22.7,0.8,82.7,23.1,2573,29.83,12.845,23.8,16,87.5,28.9
507,87,628,30,0,71.8,101,122,73.7,16,-1.6,30.6,14.5,1.001,23,0.8,82,23.4,2620,30.37,12.88,24.9,16,55.5,29.1
510,87,627.9,29,0,71.8,101,122,73.7,16,-1.6,29.6,14.2,0.998,22.8,0.8,81.9,23.2,2616,30.51,12.96,25.3,16,0,28
513,87,630.9,29,0,71.8,101,122,72.5,16,-1.6,26.2,15.4,0.998,20.8,0.8,80,21.9,2523,29.37,12.96,24.7,16,0,29.8
516,87,632,26.2,6.6,71.8,101,121,70,16,-1.2,22.5,17.4,1.003,16.8,0.8,70.8,18.4,2300,24.05,12.96,18.4,17,65.9,24.8
519,87,630.6,20.8,10.1,71.9,100,120,66,16,0,23.1,17,1,19.2,0.8,76.8,19.2,2282,23.96,12.907,17.2,17,58,19.9
522,87,628,15.4,0.2,72.2,101,118,59.6,16,-1.6,22.3,17.3,1.008,19,0.3,76.5,19.4,2257,24,12.912,17.6,17,44.4,18.6
525,87,627.1,23.9,6,72.2,100,118,64.4,16,-0.8,22.9,16.6,1.007,19.2,0.5,76.3,19.7,2237,24.19,12.96,19.6,17,90.2,23.9
528,87,628,23.9,3.2,72.2,100,118,68.1,16,0,23.8,15.4,1,19.9,1.7,76.9,20,2237,24.53,12.96,19.6,17,90,23.9
531,87,628,19.3,0.6,72.2,100,118,66.4,16,-0.2,22.9,15.5,0.998,19.2,2.3,76.8,19.6,2236,24.22,12.96,19.1,17,83.3,19.3
534,87,627.5,12.2,1.1,72.2,101,118,54.1,16,-1.6,17.6,23,0.993,17.4,2.8,72.4,18.3,2244,23.15,12.924,18.3,17,64.5,16.9
537,87,623.4,23.1,32.4,72.4,101,119,62.6,16,-0.7,20.6,19.1,0.995,17.5,2.5,72.3,17.6,2266,22.49,12.898,16.7,17,32.7,22.1
540,87,621.6,15.4,16.1,72.4,101,121,53.5,16,-0.5,19.9,20.1,0.999,17.5,1.5,72.2,17.3,2299,22.92,12.96,12.9,17,17.3,14.5
543,87,617.5,8,0.2,72.2,101,122,27.4,16,-1.7,11,34,0.997,11.4,0.8,38.4,11,2273,12.48,12.908,9.2,17,13.8,10.7
546,87,612,5.1,0.8,72.5,101,120,11.1,16,-4.7,6.9,4.9,0.412,5,0.4,25.1,5.6,2235,9.1,12.908,4.8,17,8.4,6.1
549,87,599.6,6,0.2,72.5,101,118,22.5,16,-3.2,9.9,5,0.338,4.9,0.9,26.1,3.6,2194,6.81,12.96,0.9,17,0,4.7
552,87,596,8.6,32.8,72.5,101,117,26.6,16,-2.5,12.5,16.5,0.865,14.3,2.8,64.1,15.9,2225,21.14,12.96,14.1,17,72.1,13
555,87,589.9,10.5,44.6,72.5,100,118,19.2,16,-4.4,5.5,-9,0,0,0,12.2,0.4,2186,8.13,12.96,5,17,40.2,10.9
558,86,579.3,10.2,3.8,72.5,101,116,32.9,16,-1.6,12.2,31,0.766,8.8,0.5,33,7.7,2209,6.97,12.96,1.1,17,10.6,7.3
561,86,575.8,10.2,0,72.5,101,118,29.4,16,-1.6,9.6,35.3,1.005,10.2,0,34.8,11.4,2215,9.92,12.96,3.5,17,28.7,9.7
564,86,572.8,12.9,24.1,72.5,101,118,42.3,16,-1.6,13,31.2,0.999,10.7,-0.4,34.8,11.5,2221,12.88,12.953,8.2,17,12.2,12.9
567,86,574.4,13.9,1286.3,72.4,101,120,51.9,16,-1.6,18.2,22.9,1,16.2,0.9,67.1,16.1,2312,21.58,12.88,13.3,17,15.6,16.8
570,86,577.4,16,1713.1,72.2,101,122,51.2,16,-1.6,17.7,24,1.003,16.5,1.6,67.1,16.5,2349,22.09,12.88,13.6,17,58.7,18.2
573,86,580,20,0,72.2,100,124,62,16,-1.6,20,21,0.999,17.1,-0.6,70.4,17,2343,22.77,12.918,14.6,17,92.1,19
576,86,579.8,20,0,72.2,100,123,62,16,-1.6,20,21,0.999,17.3,-0.5,71.7,17.3,2319,22.88,12.96,15.3,17,91.8,20.2
579,86,582.9,18.9,6.4,72.2,100,120,62.7,16,-1.6,20.5,20.5,0.998,17.5,1.3,71.2,17.5,2283,22.41,12.957,14.1,17,91.8,18.4
582,86,586,21.6,5.2,72,100,118,65.9,16,-1.3,22,18.8,0.993,18.1,3.1,72.2,18.4,2262,24.67,12.88,19.6,17,90.1,23.1
585,86,589.2,25.3,0.4,71.8,101,118,72.2,16,0,25.9,14.5,1,21.2,-0.8,80.5,20.5,2353,26.44,12.929,20.5,16,89,25.7
588,86,592.3,25.9,1.7,71.8,101,118,72.2,16,0,25.9,14.1,1.001,21.2,-0.8,82.3,21.2,2374,27.06,12.96,21.2,16,88.6,25.9
591,87,595.5,25.9,0,71.8,101,118,71.7,16,0,25.7,14.5,1,21,-0.1,81.5,21.1,2347,26.72,12.96,21.2,16,88.6,25.9
594,87,598.7,25.6,0,71.8,101,119,69.6,16,0,24.5,15.6,0.996,20.4,1.1,80,20.5,2308,26.26,12.96,21.2,16,88.5,25.9
597,87,601.9,21.7,0,71.8,101,119,58.3,16,-0.3,20.9,19.1,0.994,18.9,2.3,76.5,18.8,2275,23.56,13,17.3,16,46.7,22.3
600,87,602.9,16.9,52.1,71.8,101,118,34.8,16,-1.6,10.6,35,1.013,11.4,-1.6,49.3,14.6,2231,17.85,12.977,12.7,16,21.8,18
603,87,600.2,16.1,234.5,71.8,101,116,65.1,16,0,21.2,20.2,1.013,17.6,-1.1,63.8,17.6,2231,20.22,12.96,14.4,16,33.7,17.7
606,87,603.5,27.5,3.5,71.8,101,117,70.7,16,-0.9,26,14.2,1.004,21.5,-0.2,82.6,22,2317,26.97,12.96,23,16,88.2,27.3
609,87,606.7,22.3,21.1,71.6,101,118,66.5,16,-1.6,24,16.5,0.995,20.7,0.7,80.6,21.4,2456,28.07,12.96,22.4,16,88.5,24.3
612,87,608,19,20.9,71.4,100,118,57.8,16,-1.6,18,22,0.999,16.1,0,65.5,16.5,2249,20.77,12.88,15.9,17,90.9,20.4
615,87,606.9,17.3,0.1,71.4,101,118,59.3,16,-1.6,18.4,21.5,0.996,14.1,1.8,57.1,14.5,2233,17.97,12.925,11.8,17,50.4,16.7
618,87,604,12.7,0.8,71.4,101,116,47.8,16,-1.6,18.1,21.2,1.002,15.5,1,61.3,15.1,2213,18.33,12.902,11.6,17,0,15.7
621,87,603.4,18.8,0.2,71.4,101,116,55.2,16,-1.6,18.4,20.7,1.003,16.3,0.3,66.9,16.3,2200,20.54,12.813,14.1,17,0.9,18.8
624,87,604,18.3,4,71.4,101,116,58.9,16,-1.6,18.5,20.2,1.001,16.1,0.9,65.2,15.7,2199,19.4,12.88,11.8,17,17.3,16.9
627,87,602.3,16.7,31,71.5,101,116,55.5,16,-1.6,17.7,19.8,1.003,16.1,1.6,65.9,15.7,2186,19.85,12.88,12.6,17,17.3,15.5
630,87,600,15.1,438.1,71.8,101,116,46.3,16,-1.6,14.5,25,0.997,15.2,1,61,15.4,2202,19.58,12.88,13.3,17,18.7,15.9
633,87,600,18.4,2761.7,71.8,101,118,59.9,16,-0.5,19.3,20.7,1.006,16.7,-0.4,65.5,16.6,2236,20.66,12.903,14.3,17,32.5,18.7
636,87,599.2,16.1,816.8,71.8,100,119,56.8,16,-0.8,19.2,20.5,1.006,17.3,-0.7,69.7,17.7,2271,22.54,12.96,15.9,17,91.8,20.4
639,87,600,15.5,10.1,71.8,100,119,50.5,16,-1.6,15.7,23.9,0.994,14.9,1.5,58.4,14.9,2250,18.14,12.96,11,17,93.2,17
642,87,600,15.7,2.2,71.8,100,118,51,16,-1.6,15.7,23.6,1.003,14.9,0.8,58.4,14.9,2240,18.27,12.96,11,17,93.7,15.7
645,87,599.3,15.7,6.3,71.8,100,118,51,16,-1.6,15.7,25,0.998,14.9,-0.4,59,14.9,2222,18.38,12.96,11,17,93.7,15.7
648,87,595.9,15.7,0,71.4,100,116,52.7,16,-1.6,16.9,22.5,0.995,15.5,0,63.2,15.6,2207,19.2,12.935,12.4,17,93.4,16.4
651,87,596,20.8,0,71.4,101,116,61.1,16,-0.8,20.1,18.8,0.994,17.3,1,70,17.3,2205,21.16,12.887,15.9,17,91.3,22
654,87,598.1,23.3,3.2,71.4,101,117,68.2,16,0,23.5,15.5,0.995,20,1.6,77.6,20,2225,24.77,12.96,19.6,17,91.1,23.3
657,87,601.2,23.6,8.2,71.4,101,118,68.1,16,0,23.5,15.5,0.999,19.6,2.3,77.3,19.7,2234,24.62,12.96,19.4,17,91,23.5
660,87,604,22.5,12.3,71.4,101,120,66.7,16,0,22,16.6,1.001,18.6,1.4,74.6,18.5,2270,23.62,12.96,17.5,17,91.4,22
663,87,603.5,18.8,14,71.4,100,121,62.3,16,0,20.1,19.6,1.002,17.5,0.2,71.1,17.5,2315,22.63,12.926,15,17,92.2,18.9
666,87,604,20.3,5.7,71.4,100,123,61.6,16,0,19.7,21.4,1.003,17.1,-1.1,69.2,17.4,2353,22.61,12.8,15.3,17,91.7,20.4
669,87,604,20.5,7.1,71.5,100,125,61.7,16,-0.2,21,20.4,1.001,18,-2.3,72.9,18,2386,24.05,12.88,16.2,17,91.5,20.9
672,87,605,19.8,15.1,71.8,100,126,52.8,16,-1.6,16.5,24.5,0.987,17.3,0,71.8,17.5,2403,23.73,12.923,16.1,17,91.4,20.9
675,87,608,20.4,5.3,71.8,100,128,62,16,-1.6,19.2,22.8,0.992,17.3,1.2,71.2,17.3,2423,23.56,12.933,15.6,17,91.5,20.4
678,87,607.5,20.4,1.3,71.8,100,128,62,16,-1.6,20.4,22,0.997,17.3,1.1,70.5,17.3,2440,23.7,12.893,15.3,17,91.8,20.4
681,87,608,18.8,4.8,71.6,100,129,59.1,16,-1.6,19.5,22.7,0.998,16.8,0.1,68.6,17,2449,23.65,12.96,14.9,17,91.3,18
684,87,608,16.2,8.2,71.5,100,130,52.8,16,-1.6,17.1,24.6,0.996,14.9,0.8,61.6,13.3,2436,16.36,12.96,10.5,17,92.8,15.5
687,87,607.2,13.9,6.3,71.8,100,128,43.1,16,-1.6,13.7,27.5,0.997,13.7,0.2,54,13.3,2407,16.62,12.96,8.8,17,93.7,14
690,87,603.8,15.3,0,71.8,100,127,47.1,16,-1.6,16.5,24.3,1,15.3,0,60,15.2,2383,19.36,12.981,11,17,93.3,15.4
693,87,606.9,22.7,0,71.8,101,125,62,16,-1.6,23.3,18.8,1.001,19.2,0.4,75.1,19.3,2425,25.31,13.034,17.7,17,91,22.7
696,87,610.1,30.2,0,71.8,101,125,75.7,16,-1.6,31.6,13.6,0.997,24.4,1.6,84.7,24.7,2700,32.64,12.88,30.2,17,87.3,31.6
699,87,613.3,34.5,0,71.8,101,128,74.4,16,-1.6,34.1,17,0.996,25.5,1.6,82,25.6,2848,34.05,12.93,28.6,17,85.9,34.5
702,87,616.4,33.2,0,71.8,101,130,72.9,16,-1.6,33.5,17.7,0.995,25.3,2,81.3,25.7,2906,34.53,12.96,27.4,17,85.8,33.2
705,87,619.3,31.8,0,71.8,101,131,72.9,16,-1.6,32.1,17.8,0.995,24.3,2.1,80.8,24.8,2860,33.74,12.96,26.9,17,85.5,32.9
708,87,622.4,26.6,26.1,71.8,101,132,68.9,16,-1.6,28.3,18.6,0.996,22.1,1.4,79.5,22.7,2717,31.36,12.96,25.1,17,86.6,31
711,87,624,21.4,33.2,71.8,101,132,61.5,16,-1.6,21.1,22,0.998,16.5,0,66.7,16.5,2486,22.64,12.96,17.2,17,90,24.3
714,87,624,19.9,4.5,71.8,100,130,59.6,16,-1.6,20,22,1,17.1,-0.6,68.6,17,2449,23.42,12.918,15.3,17,91.7,20.4
717,87,624,22.6,0,71.8,101,126,66.2,16,-1.6,21.9,20,0.999,18.1,-0.4,72.9,18,2409,24.51,12.88,14.4,17,70.9,19.8
720,87,623.5,8.2,0,71.5,102,123,40,16,-1.6,16.1,25.7,1.002,17.2,-1.3,70.4,17.8,2365,23.96,12.892,8.9,17,0,8.6
723,87,618.6,11.5,0,71.2,102,122,35.3,16,-1.6,12.7,29.4,1.008,15.1,-3.3,58.3,15.6,2301,19.45,12.96,11.4,17,0,13.7
726,87,616,19.1,0.7,71.1,102,122,58.2,16,-1.6,19.8,20.4,1.007,17.6,0,71.8,19.2,2311,25.67,12.96,18.4,17,51.8,21.3
729,87,616.7,26.5,3.6,71.4,101,122,72.9,16,-1.6,28.6,14,0.994,21.4,1.2,79.4,21.8,2470,28.1,12.918,22.9,17,87.4,28.1
732,87,619.9,23.5,18.3,71,101,124,57.9,16,-1.6,21.5,19.5,1,19.2,1.2,74.6,20.3,2467,26.93,12.88,22.5,18,87.4,29.1
735,87,620,22,6.1,70.7,101,124,60.1,16,-1.6,15.1,25.4,1.001,9.8,0.5,56.4,11.8,2328,18.09,12.896,14.1,18,86.9,21.4
738,87,617.3,16,57.9,70.6,101,122,60.2,16,-1.6,14.5,26.1,1.002,3.7,-0.5,42.4,2.5,2273,6.25,12.957,2.1,18,16.9,9.4
741,87,614.1,15.9,60.1,70.5,100,120,56.2,16,-1.6,18.5,21,1.013,16.1,-2.3,66.3,16.5,2261,20.98,12.88,14.1,18,68.1,15.2
744,87,612,18.6,6.5,70.2,100,120,61.2,16,-1.6,19.6,20.5,0.997,17.2,-0.1,69.6,17,2270,21.83,12.921,12.4,18,92.7,17.2
747,87,611.8,14.9,0,70.6,101,120,70.4,16,-0.5,25.4,15.3,0.999,20.4,0.4,77.4,19.7,2368,25.09,12.96,14.4,18,92.3,17.1
750,87,615.1,27.6,0.6,70.6,101,121,73.7,16,-0.7,29.8,13.7,1.002,23.2,0,84.8,23.5,2560,30.51,12.96,25.9,18,86.7,31.4
753,87,618.2,31.2,1.3,70.6,101,121,73.5,16,-1.6,31.2,16.1,1.004,23.5,0,82.4,23.5,2712,31.33,12.96,25.9,18,86.7,31.1
756,87,621.2,28.8,4.1,70.6,101,120,72.7,16,-1.6,30.6,14.5,1,23.1,0.8,82.4,23.2,2648,29.9,12.96,21.8,17,88.2,27.9
759,87,624,24.1,11,70.6,101,118,69,16,0,27.6,13.4,1.005,22.7,0.3,83,22.9,2493,28.75,12.96,20.9,17,89.1,25.3
762,87,623.5,28.2,0,70.6,101,117,71.8,16,-0.9,28.3,13,1.005,22.9,0.5,83.5,23,2409,28.53,12.96,23.7,17,87.5,28.2
765,87,626.4,29.5,2.3,70.6,101,116,73.4,16,-1.6,30.1,13.3,1.001,24,1.6,83.5,23.9,2550,30.14,12.96,25.5,17,86.6,31
768,87,629.5,32.8,3,70.6,101,116,73.4,16,-1.6,31.3,14.5,1.001,24.7,1.6,83.1,25.1,2649,31.22,12.96,27.8,17,86.3,33.3
771,87,632.6,37.5,0.8,70.6,101,116,76.1,16,-1.6,38,14,1.002,26.4,1.6,85.5,26.6,2701,32.61,12.96,31,17,85.8,36.6
774,87,635.9,39.2,9.5,70.2,101,119,75.5,16,-1.6,38.5,14.3,1.007,27.1,1.2,86.2,27.5,2755,33.78,12.96,33.3,17,85.4,39.2
777,87,638.9,38.6,9,70.2,101,122,75.7,16,-1.6,38.3,14.8,1.008,27.1,1.2,85.3,27.4,2797,34.46,12.957,33.3,18,84.7,38.8
780,87,640,37.5,4.9,70.1,101,126,75.5,16,-1.6,36.1,16,0.999,26.3,2.3,84.3,27.1,2874,34.47,12.88,31.4,18,84.7,37.6
783,87,640,28.8,0,69.8,101,130,70.6,16,-1.6,29.4,19.5,0.998,5.9,2.3,35.2,13.3,2571,16.99,12.931,19.9,18,88,28.5
786,87,639.3,6.3,1.1,69.8,101,132,24.3,16,-1.6,15.9,28.7,0.985,2.3,1,17.8,9,2456,7.83,12.96,10.2,18,91.9,19.5
789,87,631.5,20.4,38.5,69.5,100,131,47.4,16,-1.6,16.7,27.1,0.993,6.5,-0.5,31.4,11.4,2456,10.18,12.96,8.3,18,93.2,21.6
792,87,632,20.6,18.8,69.2,100,129,62.7,16,-1.6,21.4,21.3,1.009,17.8,-1.6,70.9,17.7,2475,24.24,12.96,15.3,18,91.3,20.4
795,87,632,23.6,0,69.1,100,128,63,16,-1.6,23.1,18.5,1,22,-1.6,83.8,22.4,2460,27.55,12.96,20.5,18,89.5,25
798,87,632.2,30.6,0,69.4,101,128,72.2,16,-1.6,28.8,17.1,0.999,22.6,-0.3,82.3,22.9,2592,30.3,12.931,24.8,18,87.3,30.4
801,87,635.5,31,4.6,69.4,101,128,71.7,16,-1.6,27.9,17.4,0.999,21.8,0.5,76.7,21.3,2673,29.13,12.892,24.2,18,86.7,31
804,87,633.7,22.9,7.4,69.4,101,128,62.8,16,-1.6,21.2,21.1,0.998,16.5,0,63,14.8,2425,18.66,12.96,11.4,18,92.8,20.1
807,87,628.1,12.8,6.5,69.5,100,127,43.8,16,-1.7,10.9,29.5,1,0,0,14.1,0,2349,8.47,12.96,4.4,18,43.4,10.6
810,87,617,5,0,69.8,102,122,11,16,-4.7,5.1,-1.7,0.282,0,0,13.1,0,2233,4.41,12.887,0.4,18,0,4.9
813,87,595.8,4.3,0,69.8,102,107,10.4,16,-4.7,4.6,-11.8,0,0,0,12.1,0,2031,3.87,12.838,0.4,18,0,4.3
816,86,584.9,4.3,0,69.8,102,98,13.7,16,-4.7,5.1,5.8,0.249,1.6,0.8,13.1,0.9,1807,3.52,12.96,0.4,18,0,3.9
819,86,576.4,4,0,69.8,102,93,15.5,16,-4.4,6,34.7,0.845,7,4.7,23.1,7.5,1750,8.52,12.88,4.9,18,54.6,6.3
822,86,569.5,4.1,0.8,69.8,101,92,9.4,16,-3.1,3.9,-13,0.001,0,1.3,14.9,2.7,1719,5.22,12.88,3.3,18,50.1,6.2
825,86,559.9,7.5,7,69.8,102,90,37.6,16,-2.6,10.2,8.3,0.54,6.8,-1.9,29.8,4.3,1738,5.74,12.903,2.1,18,13.9,4.3
828,86,560,12.4,2.2,69.6,101,91,53.6,16,-2.3,15.6,19.8,1.005,14.8,-3.5,58.9,12.5,1824,12.68,12.964,8.1,18,94.9,10.2
831,86,562.2,25.1,0,69.6,100,93,66.1,16,-2.1,22.3,15.7,0.988,19,-2.2,78.1,19.6,1937,22.95,13.02,24.3,18,90.3,25.4
834,86,569.1,36.3,0,69.7,101,97,81.2,16,-1.6,38,12,1.004,29,0.8,88.2,27.1,2539,31.99,12.933,31.1,18,86.4,35.4
837,86,580.8,35.9,0.8,69.4,101,106,76.9,16,-1.6,35.7,16.8,1.004,28.5,0.3,86.7,28.5,3099,38.79,12.911,31.8,18,83.8,36.8
840,86,587.6,22.7,25.3,69.4,101,112,73.3,16,-0.7,30.7,15.4,0.996,26.4,0.9,86.2,26.9,3133,38.96,12.96,25,18,82.5,29.8
843,86,593,27.8,12.3,69.4,101,116,72.4,16,-0.6,27.5,12.8,0.99,23.6,2.2,87.1,24.8,2432,29.94,12.96,27.5,18,86.2,32.5
846,86,597.6,30.8,1.5,69.5,101,118,73.7,16,-1.6,29,13.5,0.999,22.4,1.6,84.7,22.7,2524,29.9,12.96,25.5,18,86.5,31.2
849,86,601.5,29.9,1.3,69.8,101,118,73.7,16,-1.6,29.4,13.5,1,22.9,1.6,83.9,23.5,2578,30.68,12.96,26,18,86.4,31.2
852,86,607.6,30.6,5.3,69.8,101,118,73.1,16,-1.6,30.6,14.4,0.998,23.5,1.6,83.1,23.9,2635,31.23,12.96,27.4,17,85.9,33.2
855,86,610.5,31.6,2.3,69.8,101,119,72.9,16,-1.6,31.5,15.3,0.997,23.9,1.3,82.6,23.9,2678,31.19,12.96,26.7,17,86.2,32.2
858,86,615.4,31.3,3.3,69.7,101,120,72.9,16,-1.6,31.6,16,1.001,23.9,0,82.4,23.9,2699,31.58,12.96,26.4,18,86.5,31.5
861,86,620.9,30,8.5,69.4,101,122,72.9,16,-1.6,29.8,15.5,0.999,23.3,0.6,81.8,23.6,2666,30.81,12.96,25.9,18,86.7,31
864,86,624,30.6,1.8,69.4,101,124,72.2,16,-1.6,30.4,16.2,1,23.1,0.8,81.6,23.5,2667,30.72,12.96,25.5,18,86.6,31
867,86,623.6,30.6,5,69.4,101,125,72.2,16,-1.6,30.8,16.5,1.001,23.1,0.8,81.4,23.4,2684,31.11,12.96,25.5,18,86.3,31
870,86,626.6,31.1,4.6,69.4,101,127,72.2,16,-1.6,31.1,16.5,1.002,23.2,0.8,80.8,23.2,2680,30.91,12.96,25.1,18,87.4,31
873,86,629.7,30.1,8.9,69.4,101,128,71.2,16,-1.6,29.8,17.2,1.002,23.5,0.8,80.8,23.9,2761,32.42,12.96,26,18,86.8,31.5
876,86,631.1,25.7,22,69.4,101,128,67.5,16,-1.6,13.3,28.5,0.999,15.7,0.8,72.1,18.3,2546,26.11,12.96,20.9,18,81,24.3
879,86,628,14.1,44.8,69.4,100,126,54.9,16,-1.6,16.6,24.9,1,15.5,-0.9,69.2,16.3,2414,21.45,12.96,13.1,18,76.8,11.7
882,86,627.5,13.2,34.1,69.7,100,125,53.1,16,-1.6,19.3,21.3,1,17.9,-2.1,71.7,17.6,2389,21.83,12.96,8.1,18,89.4,11
885,86,625.8,20.2,15.3,69.6,100,124,59,16,-1.2,22.3,18,0.999,19.4,-1.6,76.7,19.6,2350,25.61,12.96,20,18,89.3,20.4
888,86,624,21.2,0,69.4,101,124,67.6,16,0,27.1,14,1.001,22.4,-0.8,83.5,22.4,2441,27.71,12.91,14.3,18,76.5,19
891,86,623.3,6.9,0,69.4,101,122,11.8,16,-4.7,11.4,24.8,0.986,16.5,-1.7,67.9,18.5,2358,23.84,12.943,12.9,18,70,14.5
894,86,615.6,24.7,0,69.7,101,121,49.2,16,-2,16.5,21.7,0.988,16.3,-1.1,63.3,16.3,2261,20.01,13.026,16.9,18,91.1,22.8
897,86,616,18.4,14.8,70,101,120,64.6,16,-0.5,23.8,16.2,0.999,19.9,0.5,75.5,18.6,2287,23.06,12.96,12.5,18,93.2,14.5
900,86,616,18.7,15.8,70.2,100,120,61,16,-1.4,22.2,17.9,1.001,19.6,-0.8,76.9,20,2286,24.98,12.898,18.1,18,90.8,20.7
903,86,617,24.2,0.4,70.2,101,122,69,16,0,24.7,16,1.013,20.2,-0.2,78.8,20.8,2303,25.73,12.924,20.4,18,89.1,24.9
906,86,620,22.4,2.5,70.2,101,122,69,16,0,25.5,16,1.006,21.1,0,81,21.6,2356,26.78,12.96,21.2,18,88.2,24.5
909,86,619.5,17.6,13.3,70.2,100,123,62.9,16,-0.9,23.7,17.9,1.001,20.4,0.3,80.3,19.8,2390,24.34,12.95,20.1,17,86.3,21.6
912,86,617.4,17.2,67.4,70.2,100,123,56.9,16,-1.6,21.1,20.3,0.999,18.3,0.9,74.9,13.7,2312,9.69,12.88,1.2,17,0,10.2
915,86,616,20,67.2,70.2,101,122,57.7,16,-1.4,20.6,20.6,0.994,18,1.6,71.4,18,2324,23.45,12.94,12.5,18,0,16.5
918,86,616.8,24.7,0,70.2,102,122,71.4,16,0,26.3,14,1.001,20.4,-0.1,78.8,20.1,2371,25.5,12.96,19.2,18,0,24
921,86,619.9,24.7,0,69.8,102,122,70.2,16,0,25.3,15.2,0.999,20.6,0,80.5,20.7,2375,26.56,12.96,21,18,0,26
924,86,620,22.1,0,69.8,102,122,64.3,16,0,22.8,18,0.997,19.3,1.2,77,19.5,2325,25.31,12.96,19.2,18,0,23.9
927,86,620,23.4,0,69.8,102,121,62.2,16,0,20.7,20.6,0.997,17.3,2.3,71,17.6,2262,23.1,12.96,18.8,18,54.1,25.3
930,86,620.5,27.9,0,69.8,101,118,73.7,16,0,28.6,12.5,1.001,22.7,1.3,79.5,21,2408,26.51,12.96,21.1,18,89.1,27.3
933,86,623.6,32.5,0,69.4,101,118,74.2,16,-0.9,32,13.3,1,23.9,1.1,84.2,24,2581,30.56,12.96,25.4,18,87.4,30
936,86,626.5,33.9,2,69.4,101,119,74.5,16,-1.6,34.4,14.1,0.999,25.4,1.5,83.8,25.8,2738,33.81,12.96,30.6,18,85.4,36.1
939,86,629.7,34.7,2.3,69.4,101,120,74.7,16,-1.6,33.4,14.5,1.002,24.7,0.8,83.1,25.1,2749,32.41,12.96,29.1,18,85.8,34.9
942,86,632.8,34.6,1,69.4,101,122,75.3,16,-1.6,34.5,15,1.006,25.1,0.8,83.1,25.1,2757,32.87,12.96,28.8,18,85.9,34.4
945,86,636,34.9,7,69.8,101,122,72.3,16,-1.6,29.7,15.9,1.004,22.4,0.8,80.7,22.8,2590,30.38,12.96,26.5,17,86.5,33.4
948,86,636,25,10.8,69.8,100,123,67.1,16,-0.8,24.8,17.9,1.001,19.9,0.3,77.8,19.9,2345,25.5,12.96,19.1,17,90.2,21.6
951,86,633.9,19.5,28.2,69.8,100,125,60.3,16,-0.4,20.9,20.9,0.999,19.3,-0.8,76.9,19.6,2375,25.71,12.96,18.4,18,89.9,22.6
954,86,632,17.8,36.3,69.8,100,128,53.8,16,-1.6,17.3,24.5,1,15.7,-1.6,62,17,2429,22.7,13.009,13.8,18,91.3,20.3
957,86,632,19.7,0.1,69.8,100,132,62,16,-1.6,22.7,19,0.999,18.3,-1.1,70.4,18.3,2493,24.18,13.009,14.1,18,91.8,19
960,86,631.6,27.5,4.3,69.8,101,133,69.6,16,-1.6,27.6,15.2,0.998,21.4,0.1,78.8,21.3,2568,28.18,12.96,21.3,18,88.5,25.9
963,86,634.5,32.3,2.9,69.8,101,132,74.4,16,-1.6,31.2,14.3,1.001,23.3,1.3,81.7,23.3,2639,30.57,12.96,27.8,18,85.4,34.1
966,86,636,32.6,5,69.8,101,130,73.3,16,-1.6,32.3,16.3,1.012,22.4,0,79.2,21.6,2461,27.85,12.9,23.7,18,87.1,30.1
969,86,636,26.2,9.7,69.8,101,128,63.5,16,-1.6,21.2,21,0.999,19.1,1.2,74.2,19.3,2432,25.6,12.922,19.4,18,89.3,25
972,86,636,22,0,69.8,100,126,65.3,16,-1.6,21.7,19.5,0.999,18.2,0.8,73,18.2,2412,24.38,12.983,16.8,18,90.9,21.3
975,86,633.1,22,9.4,69.8,100,127,65.5,16,-1.6,22,19.1,1,18.4,0,74.6,18.4,2414,25.21,13.036,17.6,18,90.2,22
978,86,632,22.2,7.4,69.6,100,128,65.6,16,-1.6,22.2,19.9,1,18.4,0,74.9,18.4,2425,25.42,12.96,17.3,18,90.2,22.3
981,86,632,22.5,3.2,69.4,100,128,66.6,16,-1.6,23.1,19,0.987,19.2,1.6,75.2,19,2443,25.74,12.908,17.7,18,90,22.8
984,86,632,22.7,11.1,69.4,101,128,65.9,16,-1.6,23.1,18,0.997,18.9,1.1,75.3,19.2,2450,25.85,12.917,18,18,89.8,23.1
987,86,631.9,23.1,7.8,69.4,101,130,66.5,16,-1.6,23.1,19.2,1,19,0.8,75.3,19.2,2455,25.85,12.96,18.1,18,89.8,23.2
990,86,632,24.9,4.1,69.6,101,130,69.6,16,-1.6,24.7,17.7,0.999,20,1,77.4,20,2459,26.39,12.969,18.8,18,89.8,23.9
993,86,632,26.7,1.3,69.8,101,129,72.4,16,-1.6,27,14.4,0.997,21.6,1.6,83.1,22.4,2450,28.76,13.04,23.1,18,88.2,26.8
996,86,633.5,27.8,0,69.8,101,128,72.8,16,-1.6,27.8,14.1,0.998,22,1.6,82,22.4,2492,28.7,12.982,22.8,18,87.8,27.8
999,86,636,27.8,1.1,69.8,101,126,72.2,16,-1.6,27.5,16,0.996,21.7,2.1,81.7,22.1,2492,28.5,12.96,22.7,18,87.8,27.8
1002,86,635.8,27.8,10.5,69.8,101,126,72.7,16,-1.6,27.7,16,0.997,21.8,2.3,81.6,20.9,2487,27.28,12.96,21.6,18,88.1,27.3
1005,86,636,24,4,69.8,100,127,69.5,16,-1.6,25.9,16.7,1,21.3,1.8,80.8,19.2,2482,25.03,12.96,17.3,18,90.9,22
1008,86,636,22.8,0,69.8,100,128,66.6,16,-1.6,22.9,18,1.003,19.2,0,76.9,19.2,2437,25.68,12.96,17.8,18,90.3,23.1
1011,86,636,24.2,0,69.8,101,128,69,16,-1.6,24.7,17.5,0.997,20.4,1.2,78.2,20,2445,26.42,12.96,19,18,89.6,24.3
1014,86,636,25.9,0,69.8,101,128,70.8,16,-1.6,25.5,15.9,0.998,20.8,1.6,80,21.1,2440,27.35,12.935,20.8,18,89.1,25.7
1017,86,636,29.7,0,69.5,101,128,71.8,16,-1.6,28.7,15.2,0.999,22.1,1.4,81.4,22.6,2498,29.02,12.889,23.5,18,87.5,29.8
1020,86,638.2,32.6,0.4,69.4,101,128,72.4,16,-1.6,32.1,15.6,1.001,24,0.8,82,24.3,2750,33.27,12.96,29,18,22.1,33.2
1023,86,641.3,34,0.6,69.4,101,128,73.1,16,-1.6,33.3,16,1.01,24.7,0.8,82.4,25.1,2834,33.36,12.909,28.5,18,0,34.3
1026,86,644,33.1,0,69.4,101,128,74.5,16,-1.6,33.3,16,1.003,24.4,0.8,77.9,22.2,2635,29.8,12.915,24.7,18,25.7,31.9
1029,86,643.7,25.9,0,69.4,101,129,74,16,-1.6,31.7,15.4,0.998,24,1.1,77.4,21.3,2531,27.86,12.96,20.9,18,88.1,26.1
1032,86,644,22.7,26,69.4,101,131,69.7,16,-1.6,28.2,16.7,0.997,22.9,1.3,81,23.5,2719,31.38,12.96,25.9,18,86.2,29.8
1035,86,644,23.6,27.6,69.4,101,132,65.9,16,-1.6,24.1,20.2,1.006,20,0,76.9,20.4,2511,27.17,12.96,22.2,18,87.5,28.5
1038,86,644,27.4,1.4,69.4,101,134,72.2,16,-1.6,28.6,16.5,0.998,21.9,0.6,79.7,21.8,2561,28.21,12.96,21.6,18,88,27.5
1041,86,643.9,25.9,9.5,69.4,101,136,69,16,-1.6,25,18.7,1.001,20.4,0.8,76.7,20.7,2576,27.99,12.96,21.3,18,88.1,27.1
1044,86,641,24.5,3.1,69.4,101,136,67.5,16,-1.6,22.9,20.7,1.001,16.2,1,65.1,17.8,2560,25.63,12.96,18.1,18,89.8,23.5
1047,86,638,21,0,69.4,101,135,52.3,16,-1.3,20.1,23,0.993,9.4,1.6,37.6,13.3,2549,17.06,12.96,9.4,18,91.8,18.6
1050,86,635.1,15.7,0,69.4,100,134,14.9,16,0,6.3,29.5,0.999,10.2,-1.3,32.3,12,2503,14.66,12.971,8.5,18,58.9,12.8
1053,86,632,8.2,0,69.4,101,130,26.7,16,-1.1,8.9,32.7,1,4.6,-2.7,23.3,6.4,2430,10.09,12.975,5.7,18,5.4,7.5
1056,86,615.4,7.9,13.9,69.6,101,127,34.5,16,-1.6,13.9,30,1.004,5.5,-1.6,29.2,3.6,2362,6.85,12.96,0.4,18,0,5.1
1059,86,613.9,15.6,12.4,69.8,101,123,40.5,16,-1.6,18,22.5,1.012,18,2.2,68.2,18,2362,23.92,12.96,14.4,18,64.8,17.2
1062,86,612,23.2,1.8,69.8,101,122,39.7,16,-1.6,14.1,19.5,1,18.4,-0.8,74.1,18.3,2337,24.1,12.96,17.6,18,90,22.6
1065,86,612.2,22.7,0,69.8,101,122,66.7,16,0,22,18,1.002,20.2,-0.3,79.7,20.3,2361,25.91,12.96,19.6,18,89.5,24
1068,86,615.7,30.6,0,69.8,101,125,68.1,16,-0.9,20.3,20.8,1.002,19.9,0.3,80.8,21.4,2396,27.56,12.96,23.3,18,87.5,29.7
1071,86,618.4,29,0,69.6,101,127,71.1,16,-1.6,21.1,21.5,0.999,19,1,75.7,20.3,2400,26.31,12.96,21.6,18,87.4,25.9
1074,86,621.5,29.2,0,69.4,101,128,74.2,16,-1.6,31,14.7,0.997,24.3,2.3,83.9,24.7,2761,32.89,12.905,24.4,18,86.6,29.1
1077,86,624,30.9,0,69.4,101,130,72.9,16,-1.6,31.4,17.5,0.998,22.6,0.7,73.1,18.3,2577,24.09,12.918,19.5,18,87.1,29.4
1080,86,624,25.1,0,69,101,127,68.3,16,-1.6,25.1,18.7,0.997,20.6,0.4,71.3,16.7,2418,20.03,12.96,13.4,18,85.6,22.8
1083,86,624,20,22,69,100,123,68.7,16,-0.9,24,17.3,0.995,20,0.8,77.8,20.4,2364,26.28,12.96,18.4,18,63.1,11.4
1086,86,624,22.2,17.4,69,100,119,71.7,16,0,27.6,13.6,0.996,22.1,0.8,83.6,22.4,2375,27.88,12.96,19.2,18,83.4,19.3
1089,86,624,25.6,0,69,101,118,74.1,16,0,29.4,12,1.012,23.1,0,85.1,23.5,2469,29.24,12.908,21.6,18,87.9,22.4
1092,86,624.5,24.3,0.5,69,101,120,70.6,16,0,26.3,14,1.005,21.8,0,83.2,22.4,2422,28.42,12.917,22.6,18,86.5,24
1095,86,628,28.2,7.8,68.6,101,125,72.8,16,-1,28.9,14.5,1.002,22.4,0.8,82,22.2,2495,28.51,12.966,22.3,18,85.8,26.8
1098,86,628,26.4,2.1,68.6,101,128,74.6,16,-1.6,30.8,14.5,1,23.6,1.6,82,23.4,2714,31.03,12.979,23.3,18,76.5,20.4
1101,86,630.3,29.8,4.7,68.6,101,129,74.7,16,-1.6,31.4,15,0.999,24,1.5,82,24.3,2728,32.24,12.96,27.5,18,83.9,30.2
1104,86,633.5,32.7,7.1,68.6,101,128,73.6,16,-1.6,32.4,16.5,1.004,24.3,0.8,81.6,24.3,2836,33.08,12.975,26.7,18,85.9,32.9
1107,86,636,29.5,7.7,68.6,101,128,72.9,16,-1.6,31.4,16,1,23.7,0.3,81.6,24.1,2793,32.84,12.971,26.3,18,85.8,32.3
1110,86,635.9,12.9,42,69,100,130,47.4,16,-1.6,15.2,9.1,0.471,14.2,0,55.1,19.2,2644,26.83,12.96,20.5,18,74.6,29.1
1113,86,627.3,7.7,14.5,69,101,130,24.1,16,-0.9,5.7,0,0,3.6,0,18,11.4,2433,14.83,12.96,1.2,18,0,5.5
1116,86,616,5.5,0,69.1,102,129,11.6,16,0,5.6,-2,0.074,0.3,0,12.9,8.2,2412,11.1,12.96,5.9,18,63,11.3
1119,86,608,11.7,0,69.5,102,128,15,16,0,6.3,35,0.979,8.2,-3.1,20.3,8.2,2369,9.97,12.913,11,18,48.6,17
1122,86,608.2,29.9,0,69.8,102,126,75.3,16,-1.2,28.3,20.6,0.989,19.3,-0.5,56.9,17.8,2613,21.01,12.91,19.6,18,0,23.9
1125,86,611.7,35.3,0,69.5,102,127,74.3,16,-1.6,34.4,16.3,0.996,26.3,1.3,85,26.7,2907,35.46,12.96,30.1,18,5.2,36
1128,86,614.7,27,23,69.4,101,127,55.6,16,-1.6,26.7,20.4,1,23.2,0.4,79.7,25.1,2878,33.92,12.96,27.5,18,85.5,33.3
1131,86,616,27.2,23.5,69.4,101,125,43.3,16,-1.6,18,24.3,1.006,16.5,-1.6,67.8,18.4,2362,25.32,12.96,24.2,18,86,32.4
1134,86,617.6,34.6,0,69.4,101,124,76.9,16,-1.6,38.4,14.5,1,23.9,0.6,78.9,23.5,2626,30.64,12.92,27.5,18,85.6,33.7
1137,86,623.8,37.3,0,69,101,122,75.3,16,-1.6,36.1,14.8,0.998,24.4,1.9,83,23.5,2636,31.54,12.919,30.1,18,84.9,36.6
1140,86,624,29.5,0,69,101,121,73.3,16,-0.9,31.2,14.6,0.997,21.9,2.3,80.4,19.4,2314,24.29,13.035,21,18,89.4,27.1
1143,86,626.3,30.1,0,69,101,119,71.7,16,-0.5,25.2,14.9,0.997,21,2.3,81.1,23.4,2325,27.93,12.96,26.7,18,87.3,30.6
1146,86,628,28.8,0.3,69,101,118,66,16,-1.6,21.5,18.2,1,14.9,1.6,58,14.9,2235,20.77,12.96,20,19,89.5,25.8
1149,86,627.2,20.6,2.8,69,100,118,35.3,16,-1.6,13.3,23.5,1.01,16,0,64.6,16.1,2227,20.11,12.96,15.8,19,91.7,20.5
1152,87,623.9,17.3,15.8,68.6,100,120,24.5,16,-3.7,10.3,29,1.013,14.7,-1.5,58.9,15.8,2246,20,12.96,13.3,19,92.4,19.1
1155,87,621,22.9,4.9,68.9,100,120,48.2,16,-2.6,18.9,24.2,1.007,16.6,-1.5,55.2,16.4,2318,19.11,12.96,9.6,19,93.7,18.4
1158,87,620,22.8,13.2,69,100,121,74,16,0,31.7,11.5,0.995,25.5,0.8,86.2,25.8,2600,31.52,12.961,29.8,19,88.1,28.5
1161,87,620,16.4,25.4,69,101,121,68.4,16,-0.1,27.3,11.5,0.998,22,0.8,82,17.6,2395,16.06,12.96,16.7,19,89.4,25.4
1164,87,619.6,7.4,20.3,69,100,116,38.4,16,-1.6,10.2,28.8,1.006,15.2,-2.2,58.6,15.1,2246,14.18,12.96,11,19,92.1,18.3
1167,87,615.7,18.8,0,69.3,100,116,58.8,16,-0.7,18.4,23.2,1,16,-1.5,57,16.4,2204,20.56,12.96,16.3,19,91.6,18.3
1170,87,616,25,2.5,69.2,100,117,71.9,16,-0.5,26.5,12.8,0.99,22.1,2.1,82.4,22.7,2278,26.87,12.96,23.9,19,87.7,28.6
1173,87,617.7,28.5,7.6,69.1,101,119,73.4,16,-1.6,28.6,13.7,0.997,22.7,0.8,83.1,22.7,2549,29.07,12.96,24.2,19,87.6,29.3
1176,87,620,27.1,10.9,69.4,101,124,72.2,16,-1.6,25.5,17,0.998,13.5,-0.3,60.7,18.3,2445,24.7,12.96,19.5,19,89.1,27.4
1179,87,620,24.3,0,69,101,127,70.9,16,-1.6,25.5,17,0.997,17,-0.4,66.1,18.7,2420,24.04,12.96,16.8,19,90.7,23
1182,87,623.7,26.5,33.5,68.7,100,131,42,16,-0.7,15.5,6.4,1.048,16.4,0,65.5,19.9,2478,26.14,12.947,21.2,19,87.9,22.4
1185,87,619,19.7,55.1,68.4,100,132,19.8,16,0,6.3,5.7,1.1,7.8,-0.7,30.7,14.6,2487,19.46,12.88,16.1,19,89.7,22
1188,87,613,11.7,43.5,68.2,101,132,16.8,16,-0.2,7.4,34.9,1.013,9.4,-5.5,27.1,9.8,2461,12.67,12.937,10,19,91.8,17
1191,87,607.5,7.2,4,68.2,101,130,34.5,16,-1.6,11.4,33,1.01,12,-4.5,40.8,12.2,2426,13.97,12.998,4.5,19,64.2,10.9
1194,86,603.8,18,82.5,68.2,101,126,53.6,16,-1.6,16.7,26.5,1.001,15.7,-2.3,57.9,15.9,2387,19.51,13.003,4.9,20,12.1,7.2
1197,86,604,23.4,29.7,68.4,101,123,67.4,16,-1,22.6,19.1,0.994,19.3,-0.2,73.8,19.7,2363,25.82,12.88,19.6,20,89.4,24.3
1200,86,606,25.9,0.3,68.6,101,122,73.4,16,-0.3,26.9,14.7,0.999,21.3,-0.8,81.6,20.4,2375,26.24,12.88,20.6,20,88.6,25.6
1203,86,609.9,27.8,1.4,68.5,101,122,76.8,16,-1.6,32.5,13,0.993,24.7,2.3,83.3,23.8,2586,29.98,12.924,25.3,20,87.2,29.8
1206,86,615.9,35.3,4.3,67.8,101,122,75.3,16,-1.6,33.8,14,0.997,23.2,1.5,81.4,23.8,2576,30.38,12.96,27.2,20,86.5,33.4
1209,86,618.9,27,9,67.8,101,121,71.4,16,-0.9,29.9,14.7,0.998,21.3,1.2,78.4,21.8,2394,27.1,12.96,20.3,20,89.8,23.9
1212,86,620,23.7,6.1,67.7,101,119,67.7,16,0,23.7,14.8,0.996,19.8,2.3,77,19.6,2250,24.31,12.96,19.2,20,90.1,23.9
1215,86,620,26.3,0,67.5,101,118,69,16,-0.1,24.8,13.5,1,21.6,2.3,81.6,21.7,2241,25.71,12.91,22.5,20,88.9,27
1218,86,620.4,31.5,0.5,67.5,101,116,75.3,16,-1.6,32.2,13.1,0.997,23.3,2.3,82.5,23.7,2427,28.49,12.913,25.8,20,87.3,31.1
1221,86,623.8,25.5,16.5,67.5,101,115,73.2,16,-0.6,30.3,12.5,0.999,23.8,2,83.7,24.6,2534,30.24,12.978,27.3,20,83.5,32.5
1224,86,626.8,30.5,9.8,67.5,102,114,73.3,16,-0.7,30.3,12.4,1.003,23.4,1.4,84.7,24.3,2393,28.95,13.032,26.7,19,0,32.2
1227,86,628,30.4,9.1,67.6,102,113,73.9,16,-1.3,32.1,12.8,1.001,24.3,0.8,84.7,24.3,2587,30.77,12.88,24.7,19,0,27.6
1230,86,629,28.8,14.3,67.8,102,110,72.3,16,0,30.2,11.5,0.993,23.5,2.3,85,23.7,2417,28.9,12.924,25.1,19,0,28.3
1233,86,632,33.3,19.3,67.8,101,108,76.1,16,-1.2,33,12.2,0.996,24.9,2.3,85.7,24.9,2416,28.98,12.96,26.7,19,17.8,33.4
1236,86,635.7,36.2,5.2,67.6,101,107,76.6,16,-1.6,36,12.5,0.999,26.8,1.8,86.3,26.9,2539,30.92,12.96,30.1,19,86.3,35.7
1239,86,638.6,37.3,0.3,67.6,101,106,76.6,16,-1.6,38.1,12.9,1.003,28.2,0.9,86.3,28.6,2626,32.42,12.96,34.9,19,85.9,37
1242,86,640,36.6,0,67.9,101,106,74.5,16,-1.4,37.2,13.8,1.001,28.2,1.6,85.9,29,2774,34.09,12.901,36.3,19,84.9,40.1
1245,86,639.1,28.9,0,68.2,101,106,67.5,16,0,27.8,11.5,0.999,24.2,1,84,25.6,2471,30.03,12.924,31.1,19,48.5,27.1
1248,86,636,4.3,0,68.2,101,100,25,16,-3.2,12.1,-3.9,0.422,10.7,0.4,48.9,18.5,2081,25.45,12.96,24.7,19,17.9,9
1251,86,629.7,27,0,68.5,101,96,44,16,-2.6,17.5,-3.4,0.336,8.1,0,29.8,15.3,1889,23.84,12.952,23.4,19,88.2,31.4
1254,86,632.4,35.5,0.9,68.8,101,93,77.6,16,0,35.7,11.1,0.999,27.8,0,88.2,27.8,2387,29.81,12.88,31,19,87.1,34.7
1257,86,637.2,36.2,3.1,68.9,101,94,77.7,16,0,35.7,11.5,1,27.8,0.8,88.2,27.8,2421,30.21,12.928,31.2,18,86.5,36.3
1260,86,640.1,36.5,7.8,68.6,101,98,78.4,16,-1.6,36,11.8,0.999,27.8,1.2,88.2,28,2453,30.49,12.96,31.7,18,86.3,36.7
1263,86,643.6,38.2,2.2,68.6,101,100,77.5,16,-1.6,38.8,13.3,0.999,28,1.8,87.7,28.5,2558,31.37,12.96,32.2,18,86.3,37.6
1266,86,646.3,38.8,0,68.6,101,104,76.9,16,-1.6,40.6,15.9,1,28.7,2.1,86.3,29.4,2912,35.39,12.96,32.2,18,84.8,37.6
1269,86,649.5,37.5,0.3,68.5,101,108,76.5,16,-1.6,36.4,19,1.013,29.4,0,85.1,27.8,3174,37.9,12.96,27.3,18,85.4,34.7
1272,86,652,35,1.4,68.2,101,108,74.5,16,-1.6,35.3,19.5,1.013,28.5,-0.6,85.4,28.3,3222,38.81,12.96,26.7,18,85,33.2
1275,86,651.9,35.3,6,68.6,100,110,75.7,16,-1.6,35,19.2,1.007,27.8,-0.4,84.9,28.2,3243,39.51,12.978,28.7,17,82.6,35.3
1278,86,652,35.3,9.9,68.9,100,112,74.3,16,-0.4,32.1,20.1,1.005,25.6,-0.5,82.4,26.2,3284,39.62,13.004,27.2,17,82,35.3
1281,86,652,29.4,12.2,69,100,116,69.6,16,0.5,27.8,20.4,1.006,22,-1.4,78.1,21.6,3255,35.55,12.88,20.8,17,85.4,29.4
1284,86,652,27.5,8.5,69,100,118,65.8,16,-0.2,25.2,17,0.993,22,0,83.1,22.4,2387,29.34,12.936,22.6,17,86.7,29.5
1287,86,652,30.5,0,69,100,118,72.2,16,-1.6,31,16.5,0.999,23.5,1.2,82.1,23.1,2553,28.66,12.96,23.9,17,87.9,29.3
1290,86,652,26.3,0,69.4,100,118,69.7,16,-0.5,27.6,14.3,0.995,22.4,1.6,81.2,22.4,2511,28,12.96,23.3,18,88.9,25.8
1293,86,647.6,11.5,0,69.4,101,117,36.8,16,-2.3,16.5,3,0.63,14,1.1,61.2,15.7,2276,21.94,12.942,19,18,90.2,23.1
1296,87,634.6,5.4,0,69.4,101,113,11.3,16,-4.7,4.6,-11.4,0,0,0,12.2,0,2100,3.96,12.8,0.4,18,21.6,9.6
1299,87,619.7,4.4,0,69.5,101,107,10.2,16,-4.7,4.3,-13,0,0,0,11.8,0,1961,3.63,12.908,0.4,18,0,4.5
1302,87,608.9,3.8,0,69.8,101,100,10.2,16,-4.7,3.9,-13,0,0,0,11.5,0,1845,3.32,12.96,0.4,18,0,4.1
1305,87,591.8,3.5,0,69.8,101,90,9.6,16,-3.7,3.7,-13,0,0,0,11.4,0,1685,3.02,12.96,0.4,18,0,3.5
1308,87,580.3,3.5,0,69.8,101,77,10.2,16,-3.1,3.7,-13,0,0,0,11.8,0,1485,2.79,12.955,0.4,18,0,3.5
1311,86,568,3.5,0,69.9,101,60,11.2,16,-3.1,3.8,-12.9,0,0,0,13.3,0,1387,2.81,12.88,0.4,18,0,3.5
1314,86,557,3.5,0,70.2,101,45,11.8,16,-3.1,3.5,-12.5,0.001,0,0,14.8,0,1281,2.8,12.925,0.4,18,0,3.5
1317,86,547.7,3.5,0,70.6,101,18,15.7,16,-7.2,3.5,-1.2,0.532,0,3,17.8,0,1013,2.6,12.96,0.5,18,0,3.4
1320,86,535.8,3.5,0,70.6,101,12,18.5,16,-8.6,3.7,6.4,0.934,0,0.7,22.5,0,756,2.42,12.966,0.8,18,0,3.1
1323,86,526.1,3.5,0,70.4,101,7,21,16,-8.9,3.9,7.3,1.011,0,-8.3,27.9,0,774,2.85,13,0.4,18,0,3.5
1326,86,515.2,4.5,0,70.1,101,6,23.1,16,-8.6,4,5.4,1.001,0,-6.3,29,0,750,2.87,13.06,0.4,18,0,3.5
1329,86,506.5,5.9,0,69.8,101,6,29,16,-2.3,5.1,27.5,0.989,0,-0.1,24.3,0,1108,3.62,12.926,0.4,18,0,3.5
1332,86,500,3.9,0,69.4,101,6,22.6,16,-7.7,5.1,27.8,0.993,3.7,2.3,25.4,2.9,1280,4.35,12.849,0.5,18,0,3.6
1335,86,491,3.6,0,69.4,101,5,22,16,-10.2,4.9,27.2,1,6.2,1.3,29.6,5.3,1204,4.69,12.96,0.8,18,0,4.3
1338,86,482.4,7.7,35,69.3,100,7,29.6,16,-8.4,6.9,24.7,1.009,4.4,-1.6,30.2,0,1162,4.2,12.96,0.8,18,22.4,4.5
1341,86,477.6,14.4,76.6,69,99,14,46.3,16,-1.6,17.6,17,1.009,17.3,-6.3,59.5,11.8,1577,12.45,12.96,7.8,18,57.9,10.5
1344,86,484.5,22.4,0,68.6,100,36,67.8,16,-0.4,23.1,11.8,0.995,19.1,-2.4,77.8,19,1822,19.14,12.96,17.5,19,92.8,21.7
1347,86,503.8,26.5,0,68.6,100,45,74.7,16,0,26.5,8.8,0.992,21.1,0.8,85.8,21.5,1891,22.61,12.96,23.2,19,91,26.3
1350,86,515.8,29.9,5.7,68.6,100,55,76.1,16,0,28.9,8.7,1.002,22.8,0.9,88.2,23.6,2012,26.95,12.96,28.6,18,90.1,32.2
1353,86,529.5,32,10.2,68.6,100,63,77.6,16,0,32.2,9.5,0.999,25.5,1.6,88.2,25.9,2136,26.62,12.859,28.6,18,89.1,32.4
1356,86,542.4,32.6,8.9,68.6,100,68,77.6,16,0,32.5,9.5,0.998,25.5,1.6,88.2,25.9,2170,26.79,12.868,28.6,18,88.2,32.7
1359,86,559.9,34.1,0,68.6,100,72,77.1,16,0,33.5,10.1,0.999,26.3,1.6,88,26.4,2231,27.42,12.96,29.3,18,88.1,33.7
1362,87,571.8,37.1,3.5,68.8,100,79,76.9,16,-0.7,36.5,11.6,1,27.4,1.6,87.6,27.4,2364,28.96,12.96,32.3,17,87.5,37.3
1365,87,582.6,37.6,9.5,68.8,100,85,75.9,16,-1.6,38.6,14.5,0.999,27.7,1.6,86.7,28.6,2762,35.04,12.96,36.1,17,85.4,39.8
1368,87,592.3,32.2,9.7,68.6,100,88,73.9,16,-1.5,33.2,18.9,0.995,22,1.6,75.7,21.2,2743,31.03,12.974,27.6,17,86.6,32.4
1371,87,600.7,24.5,0.1,68.6,100,90,75.3,16,0,29.8,9,1.008,23.4,0.5,82.5,23.4,2405,28.03,12.971,25.2,17,88.1,28.2
1374,87,604.4,34.9,0.8,68.6,100,92,76.6,16,0,33,10.6,1.01,25.4,0,87,25.7,2276,27.86,12.96,28.8,17,87.5,34.3
1377,87,615.7,35.3,4.1,68.6,100,94,76.9,16,-0.8,34.7,11.7,1.004,26.7,0.7,87.8,27.1,2430,29.63,12.96,30.2,17,86.3,35.3
1380,87,618.3,35.5,5.3,68.6,100,97,77.1,16,-1.6,35.2,12,0.996,26.7,2.3,87.8,27.1,2450,29.81,12.96,30.6,17,86.6,35.3
1383,87,622.6,35.9,5.5,68.6,100,100,77.5,16,-1.6,36.1,12,0.999,27.1,1.6,87.8,27.5,2469,30.19,12.96,31.1,17,86.5,35.9
1386,87,628.3,36.5,6.1,68.6,100,102,76.9,16,-1.6,36.1,12.5,0.999,27.4,1.6,87.6,27.5,2502,30.52,12.96,31.6,17,86.3,36.7
1389,87,631.9,36.9,8.8,68.6,100,103,75.2,16,-1.6,34.7,12.5,1,26.8,1.9,86.9,26.9,2525,30.56,12.941,31.1,16,86.3,37
1392,87,634.9,34.2,3.1,68.4,100,105,73.7,16,-1.6,32.6,12.7,1.001,25.4,2.3,85.6,25.9,2521,30.31,12.886,28.7,16,86.3,33.7
1395,87,638.1,34.2,0,68.1,100,106,73.6,16,-1.6,32,13,0.998,24.4,2.3,84.7,25.9,2500,30.71,12.96,30.2,16,86,35.5
1398,87,641.1,36.5,0.5,67.8,100,106,75.3,16,-1.6,36.5,13,1.001,27.5,2.3,86.5,27.3,2569,31.27,12.863,32,16,86.1,37.7
1401,87,644,38.9,2.5,67.8,100,108,76.1,16,-1.6,37.9,13,1,27.9,1.9,86.7,28,2636,32.06,12.831,33.9,16,86.1,39.7
1404,87,643.7,42,8.8,67.8,100,108,76.1,16,-1.6,40.1,13.7,0.999,28.5,1.9,86,28.4,2682,32.94,12.893,35.1,16,85.5,41.6
1407,87,646.4,42.4,3.9,67.8,100,106,76.4,16,-1.6,41.6,14.6,0.999,29,2.3,85.5,29,2707,33.79,12.96,36.5,16,85.4,42.4
1410,87,649.5,42.2,2.8,67.8,100,103,76.8,16,-1.6,41.5,15,0.998,29,2.3,85.9,29,2849,34.9,12.96,36,16,85.1,41.6
1413,87,652,39.5,7.8,67.8,100,100,76.1,16,-1.6,40.4,15.5,1,27.9,1.8,84.3,23.6,2714,30.62,12.96,29.9,16,86.1,37
1416,87,651.9,29,0,67.8,100,98,76.1,15,-1.6,37.2,13.4,0.997,27.3,1.6,85.3,23.7,2576,28.44,12.96,25.5,15,88.2,30.1
1419,87,655,37,3.5,67.8,100,96,76.1,15,-1.6,38,12.6,0.997,28,1.6,87.3,28.6,2521,30.91,12.96,33.4,16,86.3,40
1422,87,658,42.2,4.9,67.7,100,93,76.3,15,-1.6,42.8,13.5,1,30.3,1.6,86.7,30.6,2662,33.31,12.96,38,16,86,42.5
1425,87,661.1,45.2,4.3,67.4,100,92,77,15,-1.6,45.9,13.5,1,32.2,2.2,87.5,32,2689,33.85,12.973,39.8,16,85.7,45.3
1428,87,664.2,48.2,4.3,67.1,100,92,78.4,15,-1.6,48.2,14.2,0.997,32.2,0.9,88.9,32.5,2750,35.36,12.972,42.1,16,85.3,47.5
1431,87,667.8,48.2,3.5,66.8,100,92,78.4,15,-1.6,48,14.8,0.996,32.2,0.3,89.5,32.6,2811,36.46,12.927,43.1,16,84.7,48.5
1434,87,670.5,46.6,1.5,66.7,100,91,77.8,15,-1.6,46.3,15.3,0.999,32.3,0.8,89,32.9,2839,35.73,12.8,41.2,16,84.3,46.7
1437,87,673.5,45.1,0,66.6,100,90,77,15,-1.6,44.7,15.9,1.002,32.5,0.8,88.6,32.9,2874,36.27,12.913,39.4,16,84.3,45.6
1440,87,676,44.3,0.6,66.3,99,90,77.6,15,-1.6,44.3,15,1.002,33.1,-0.4,88.1,33.4,2905,36.61,12.921,38.2,16,84.3,44.6
1443,87,676,44.3,7,65.9,99,90,76.5,15,-1.6,44.1,15.9,1.004,33.3,0.4,87.3,33.9,2939,36.52,12.903,38.1,16,84.3,44.2
1446,87,679.1,44.3,2,65.9,99,90,76.1,15,-1.6,43.6,16.7,1.004,33.4,1.2,86.5,34.1,2964,35.91,12.955,38.4,16,84.3,43.9
1449,87,682.2,43.7,3.9,65.9,99,90,75.6,15,-1.6,43.2,17,1,33.7,0,85.9,34.1,2975,36.08,12.88,37.6,16,84.3,43.6
1452,87,684,43.4,7.3,65.9,99,90,74.6,15,-1.6,43.5,17,1.012,34.1,0,85.5,34.4,2995,36.5,12.88,37.4,16,84.1,43.7
1455,87,684.8,44,5.3,65.9,99,90,75.3,15,-1.6,43.1,17.5,1.002,34.7,0.6,85.5,35,3000,37.05,12.922,37.4,16,84.1,43.9
1458,87,688,44.3,0,65.5,99,90,74,15,-1.6,43.9,17.2,0.999,34.9,1.2,85.9,35.3,2995,37.04,12.96,37.8,17,84.3,44
1461,87,687.6,44.3,3.8,65.5,99,90,75,15,-1.6,44.1,17,0.998,34.9,1.4,86.1,35.4,2987,36.48,12.96,38.4,17,84.3,44.3
1464,87,690.2,44.5,7.4,65.5,99,90,75.6,15,-1.6,44,17.1,0.997,35,0.9,85.5,35.7,2987,36.43,12.96,38,17,84.3,44.6
1467,87,692,45,6.7,65.4,99,90,74.6,15,-1.6,44.3,17.5,0.999,35.7,1.6,85.9,36.1,2997,36.92,12.96,38.5,17,84.3,44.9
1470,87,692,45.5,0,65.1,99,90,75.3,15,-1.6,45.5,17.1,1,36,1.6,86.4,36.3,3000,36.89,12.882,39.3,17,57.1,45.2
1473,87,691.9,45.9,0,65.1,99,90,75.9,15,-1.6,45.5,17,1,36.3,0.8,86.5,36.8,2995,36.6,12.822,40,17,0,45.5
1476,87,694.8,46.2,5.9,65.1,99,90,76.1,15,-1.6,45.8,17,1,36.7,0.2,86.6,37.4,2992,36.43,12.883,40,17,0,45.9
1479,87,696,46.3,8.8,65.1,99,90,75.9,15,-1.6,46.2,17.1,1,37.3,0.8,87.8,37.6,3025,36.99,12.96,40,17,58.1,45.9
1482,87,696,46.3,7,65.1,99,90,75.3,15,-1.6,45.9,17.5,1.009,37.6,0.8,86.4,37.9,3025,36.91,12.96,40,17,83.5,46.1
1485,87,696,46.3,3.5,64.7,98,90,75.3,15,-1.6,45.9,17.8,1.003,37.8,0.8,86.3,38.2,3041,36.89,12.935,40,17,83.7,46.2
1488,87,696,46,6.7,64.7,98,90,75.8,15,-1.6,45.7,18,0.999,38.1,0.5,86.8,38.5,3068,37.21,12.887,40,17,83.1,45.9
1491,87,696,45.7,6.5,64.5,98,91,76.1,15,-1.6,45.4,18.1,1.001,38.4,0,87.3,38.8,3089,38.41,12.96,39.6,17,83.1,45.9
1494,87,697.5,45.8,6.1,64.3,98,92,76.3,15,-1.6,45.1,18.5,1.003,38.4,0,88.6,38.8,3149,39.5,12.96,39.1,17,82.7,45.9
1497,87,700,46.1,6.9,64.3,98,92,77.6,15,-1.6,45.1,18.5,0.998,38.7,0,89.1,39,3157,39.73,12.921,38.6,17,82.4,45.5
1500,87,700,44.7,0,63.9,98,92,77.1,15,-1.6,40.2,19.1,1,34.9,-0.4,86.8,35.9,3127,38.34,12.904,36.9,17,82.8,44.2
1503,87,696.7,41.6,3.2,63.9,98,93,74.7,15,-1.6,40.4,18.2,1.005,31.8,-0.6,84.6,31.7,3031,35.64,12.96,33.6,17,84.7,40.4
1506,87,696,45,4.3,63.9,98,95,74,15,-1.6,44.2,16.3,1.007,32.6,0.1,86.4,32.5,2875,35.46,12.96,41.6,17,84.3,47.4
1509,87,696,43.2,9,64,98,96,75.5,15,-1.6,45.9,15.5,0.997,32.9,0.8,87.5,32.9,2899,34.68,12.96,39.5,16,84.5,45.5
1512,87,695.4,30.1,17.6,64.3,98,98,70.6,15,-1.6,33.3,18.5,1.003,26.8,0.8,83,27.6,2871,32.98,12.919,32.6,16,85.4,38.3
1515,87,692,6.3,0,64.3,98,101,26.6,15,-3.7,14.5,-0.5,0.457,11.8,0.4,50.5,14.4,2444,22.09,12.902,19.9,16,71.9,28
1518,87,680.6,4.4,0,64.8,98,94,10.6,15,-4,4.1,-13,0,0,0,11.5,0,1725,3.1,12.962,0.4,16,0,3.5
1521,87,665.6,3.5,0,65.3,98,85,10.2,15,-3.1,3.9,-13,0,0,0,11.8,0,1575,2.96,13.04,0.4,17,0,3.5
1524,87,649.4,3.5,0,65.6,98,83,10.4,15,-3.1,3.9,-13,0,0,0,12.7,0,1520,2.9,12.992,0.4,17,0,3.5
1527,87,635.3,3.5,0,65.9,98,76,11.8,15,-3.1,3.9,-13,0,0,0,13.4,0,1467,2.91,12.96,0.5,17,0,3.9
1530,87,627.8,3.9,0,66.2,98,76,17.1,15,-3.1,5.5,15.6,0.496,4.1,-1,21.2,3.3,1468,4.54,12.96,1.8,17,8.4,5.4
1533,87,622.5,3.6,0,66.5,98,79,15.3,15,-3.1,5.7,22.2,0.731,6.7,-1.8,29.9,8.4,1545,8.24,12.96,6.3,17,95.7,9.4
1536,87,612.4,3.5,0,66.7,98,82,10.2,15,-3.1,3.9,-13,0,0,0,11.8,0,1612,2.89,12.96,1.8,17,32.8,5.7
1539,87,600.8,3.6,4.1,66.7,98,82,10.3,15,-3.1,3.9,-13,0,0,0,11.5,1.7,1604,2.9,12.96,1.3,17,3,4.5
1542,87,591.6,3.9,20,67.1,98,84,13.3,15,-3.1,3.9,4.4,0.609,1.1,0,12,2.4,1600,2.91,12.932,1.7,17,6.4,5.6
1545,86,583.8,3.5,18.1,67.1,98,84,11.4,15,-3.1,3.9,0.3,0.612,1.3,0,12.3,1.7,1585,2.92,12.889,1.1,17,5.5,4.3
1548,86,574.7,3.5,8.2,67.3,98,81,10.2,15,-3.1,3.9,-13,0,0,0,11.9,0,1533,2.88,12.96,0.4,17,0,3.7
1551,86,562.9,3.6,5.7,67.6,99,76,10.3,15,-3.1,3.9,-13,0.001,0,0,13.7,0,1425,2.87,12.96,0.4,17,0,3.7
1554,86,547.7,3.9,26.3,67.8,99,76,11,15,-54,4.2,3.9,0.269,2.7,0.5,18.5,2.2,1433,3.95,12.96,0.9,17,0,3.9
1557,86,545.8,3.9,13.4,67.7,99,77,11,15,-3.1,4.9,30.9,0.894,9.9,2.3,36.1,11.8,1475,11.19,12.96,9.4,17,68.6,9.6
1560,86,541.3,3.8,0,67.5,98,80,10.9,15,-3.1,5.9,33.5,1.004,0,-2.3,19.2,2.6,1494,5.23,12.96,5.2,18,51.3,8
1563,86,534.8,3.8,9.5,67.5,99,80,10.2,15,-3.1,3.9,-4.3,0.25,0,-0.7,13.4,2.7,1515,3.25,12.96,2.1,18,11.9,4.2
1566,86,528,5.9,107,67.5,98,78,21.5,15,-2.6,5.6,17.9,0.551,4.7,-3,23.2,6.2,1516,4.74,12.96,1.3,17,17.2,5.6
1569,86,525.1,4.5,37.1,67.5,99,79,18.4,15,-2.6,5.9,36,0.974,7.9,-2.2,32.9,7.8,1500,6.6,12.96,0.4,18,27.8,3.5
1572,86,520.5,3.7,0,67.5,99,79,11,15,-3.1,4.6,25.1,0.844,5,11.7,16.9,1.2,1500,2.96,12.96,0.4,17,10.5,3.5
1575,86,513.4,3.5,0,67.5,99,78,11,15,-3.1,3.9,-13,0.001,0,3.7,14.3,0.5,1492,2.9,12.96,0.4,17,0,3.5
1578,86,500,3.5,0,67.7,99,75,12.1,15,-3.1,5.1,17.2,0.435,0,2.7,13.7,0,1458,2.88,12.96,0.5,17,0,3.5
1581,86,494.1,5.4,2.7,68,99,74,29.2,15,-2.8,8,33.7,0.918,2.7,4.5,21.4,1.6,1411,3.56,12.96,0.8,17,0,3.5
1584,86,492,5.1,2.7,68.1,99,76,38.8,15,-2.4,10.5,18.5,0.982,11.3,-2.3,54.5,11.8,1500,11,12.96,7.1,17,63.1,7.7
1587,86,489.3,3.6,2.8,67.8,99,80,11,15,-3.1,3.9,-13,0.001,0,-0.7,26.6,4.7,1477,6.19,12.96,3.8,17,58.5,8.3
1590,86,479.9,3.9,23.5,68.2,99,78,11,15,-3.1,3.9,-13,0,0,0,12.9,1.8,1462,2.92,12.96,0.7,17,1.4,5.2
1593,86,474.4,5,8.7,68.2,99,78,14,15,-3.1,3.9,0.5,0.281,0.6,-1.4,13.2,3.5,1462,3.1,12.96,2,17,12.2,6.7
1596,86,472,4.5,0,68.2,99,77,15.4,15,-3.1,4.1,28.4,1.002,3.1,-6.3,14.5,3.5,1462,2.97,12.96,0.8,17,7.7,4.6
1599,86,473.2,7.9,0.2,68.2,99,76,16.4,15,-3,5.1,31,0.884,16.1,-1.6,63,13.6,1567,12.2,12.96,9.8,17,45.9,10.1
1602,86,476,19.6,0.8,68.2,98,80,64.3,15,0,14.3,22.7,0.95,6.1,1.6,44.3,8.3,1588,10.63,12.96,11.2,17,75.3,16.6
1605,86,475.8,3.5,0.2,68.2,99,81,32.8,15,-1.6,10.5,3.9,0.597,1.4,2.6,16.4,2.7,1552,4.17,12.96,1.8,17,0.2,3.5
1608,86,471.2,3.5,0,68.2,99,82,10.2,15,-3.1,3.9,-13,0,3.5,0,13.6,9.1,1525,8.54,12.96,11,17,22.4,6.2
1611,86,465,4.3,23,68.2,99,82,12.8,15,-3.1,4,-12.8,0,0,0,12.2,0,1512,4.16,13.015,5.1,17,15.6,6.7
1614,86,459.6,5.7,67.9,68.2,98,80,29.8,15,-2.3,7.8,38,0.728,0,-1.5,16.6,0,1519,2.9,12.891,1.3,17,6.7,5.5
1617,86,455.9,3.5,0,68.2,99,79,22,15,-2.3,9.6,33.9,0.953,5.7,-0.2,35,4.6,1541,6,12.776,2.6,17,10.1,4.2
1620,86,456,10.2,9.8,68,99,80,32.8,15,-2.3,12.1,27.5,0.907,13.3,2.9,60.1,12.4,1573,12.94,12.96,9.8,17,95.3,12.9
1623,86,457.9,9.4,13,67.8,98,82,44.9,15,-2.4,13,17.2,0.934,12.9,1.6,49.4,3.9,1537,4.36,12.96,4.4,17,85.4,8.2
1626,86,457.9,3.6,6.4,67.8,98,82,11,15,-3.1,3.9,-13,0,0,0,20.9,1,1512,3.41,12.96,1.4,17,42.3,4.6
1629,86,452,4,0,67.8,99,78,11,15,-3.1,3.9,-10.3,0.685,7.7,1.3,36.3,9.7,1505,9.61,12.96,2.4,17,0.1,8.7
1632,86,451.8,27.8,14.2,67.8,99,80,47.2,15,-1.5,15.3,-0.5,1.069,16,2.3,65.4,19.5,1662,19.21,12.95,7.1,17,1.1,26.3
1635,86,462.9,28.6,9.8,67.7,99,84,74.8,15,0,27.7,9.7,0.989,21.4,2.4,84.8,20.5,2151,21.01,12.88,13.7,16,94,23.7
1638,86,479.2,29.6,1.7,67.5,99,89,75.3,15,0,29.4,10.5,0.993,23.1,3.9,85.9,23.5,2262,25.37,12.932,20.7,16,91,26.2
1641,86,497.8,29.8,7.1,67.5,99,94,75.3,15,0,29.4,11.6,0.996,23.4,2.9,86.6,23.7,2348,27.93,12.96,25.1,16,88.1,29.1
1644,86,511.8,25.1,8.8,67.1,98,97,38.4,15,-2.8,15.1,5.5,0.536,13.5,1.4,59.7,15.8,2222,21.58,12.96,21.8,16,85.5,26.5
1647,86,509.3,14.2,51.3,67.1,98,96,15.8,15,-4.1,4.6,9.4,0.254,0,-0.1,11.7,0,1767,3.14,12.96,2.7,15,49.8,9.4
1650,86,506.2,6.1,49.6,67.1,98,92,11.2,15,-3.1,4.9,25.2,0.935,0,-0.8,11.4,0,1687,2.94,12.96,1.1,16,19.6,6
1653,86,501.5,3.5,3.1,67.1,99,88,9.4,15,-3.1,3.9,-13,0.001,0,-0.2,11.7,0,1593,2.9,12.96,0.4,16,0,3.5
1656,86,492,3.5,22.8,67.1,99,80,31.6,15,-2.6,10.1,7.6,0.551,7.3,-0.8,36,6,1566,7.05,12.96,3.4,16,15,5
1659,86,495.1,12.5,14.6,67.1,98,82,46,15,-2.3,12.6,21.7,1.006,9.8,0.8,52.3,11.5,1606,13.43,12.96,11.5,16,94.9,15.3
1662,86,496,8.8,5.2,67.1,98,84,36.3,15,-2.5,9.2,14.4,0.844,0,6.4,15.5,0.1,1575,3.41,12.96,3.9,16,46.8,8.2
1665,86,491.2,4.7,1.5,67.1,99,84,14.1,15,-3,4.2,-11.2,0,0,0,12.2,2.4,1564,3.43,12.96,3.4,16,43,6.6
1668,86,483.2,6.1,3.7,67.1,98,82,29,15,-2.3,8.2,38.5,0.824,8.3,-2.3,28.3,0.7,1562,3.2,12.96,2,16,30.8,6.2
1671,86,480,3.7,0,67.5,99,82,18.8,15,-2.9,8.5,38.8,0.992,11.1,-4.9,42.2,5.9,1610,6.56,12.96,1.6,16,24.8,5
1674,86,479.9,9.8,6.5,67.5,98,83,32.8,15,-2.6,9,36.2,0.983,7.8,-3.9,37.1,9.5,1640,9.25,12.96,3,16,93.5,8.8
1677,86,480,8.3,47.7,67.5,97,85,36.4,15,-2.3,9.5,33.5,0.994,4.7,-0.8,20.7,6.2,1600,5.13,12.96,2.4,16,58.8,5.5
1680,86,480,9.8,79.8,67.5,97,87,39,15,-2.3,10.7,32.2,1.012,12.2,-4.7,52.2,12.2,1750,12.07,12.96,1.5,16,22.4,6
1683,86,481.9,11.1,73.4,67.5,98,88,61.6,15,-2.3,18,18.5,1.009,15.2,-0.1,65,15,1843,15.8,12.96,8.3,16,38.3,10.8
1686,86,487.8,4.7,0,67.5,98,92,10.2,15,-2.9,8,-2.9,0.403,6.9,0.7,40.5,8.7,1797,12.1,12.96,10.5,16,72.2,15.3
1689,86,479.8,3.5,0,67.7,99,88,9.7,15,-3.1,3.9,-13,0,0,0,11.3,0,1619,2.83,12.96,0.4,16,0,3.5
1692,86,472.3,9.7,0,67.8,99,82,29.6,15,-2.8,7.2,-4.3,0.219,2.9,-0.1,18.8,1.2,1507,2.98,12.96,0.4,16,0,6.3
1695,86,469.7,12.8,0,67.8,99,78,62.8,15,-1.9,16.5,17.6,1.002,16.1,-0.8,73.3,14.9,1625,10.23,12.96,1.3,16,3.6,4.7
1698,86,475.1,14.6,6.7,67.8,99,76,78.4,15,0.8,30.2,6.5,0.995,22.2,-3,84.1,21.6,1824,18.33,12.918,14.5,16,38.4,13.7
1701,86,488,31.8,59.8,67.5,98,78,73.3,15,0.8,24,11.1,0.997,20.8,-1.7,83.8,23.2,1917,23.57,12.903,23.5,16,74.9,28.1
1704,86,493.8,12.2,19.5,67.5,99,79,44.3,15,-0.8,14.2,22.8,0.993,12.6,0.8,65.1,17,1803,19.74,12.96,11.8,16,10.2,4.3
1707,86,492,3.7,0,67.5,99,78,24,15,-2.9,6.7,35,0.969,1.1,0.8,13.7,0,1437,2.86,12.96,0.4,16,3.2,3.8
1710,86,488,4.1,32.1,67.5,99,74,43.1,15,-2.3,13.7,19,0.884,14.1,1.6,53.7,10,1522,8.45,12.96,0.9,16,0,3.7
1713,86,488,6.3,158,67.5,98,78,47.1,15,-2.3,15.1,16.3,0.961,11.9,-2.2,48.8,7.5,1518,8.07,12.96,1.2,16,1,3.8
1716,86,487.7,5.7,52,67.5,99,78,56.3,15,-0.5,16.7,14.6,1.01,11.9,-5.7,38,3.2,1493,4.86,12.96,1.3,16,4.7,3.5
1719,86,492.1,8.8,29.5,67.3,99,80,54.7,15,0.8,16.2,17.3,1.011,15,-6.3,64.7,14.1,1625,14.3,12.96,7.1,16,16,9.1
1722,86,494.7,10.1,51.1,67.1,99,84,28.8,15,-2.3,8.6,35,1.013,9.8,-3.9,39,9.3,1599,8.66,12.96,4.8,16,11.7,8.2
1725,86,492,3.9,0,67.1,99,86,10.2,15,-3.1,12.1,35,0.989,13.9,-4.9,55.3,12,1646,10.9,12.926,7.7,16,3.8,3.9
1728,86,491.9,3.9,0,67.1,100,87,10.2,15,-3.1,7.4,6.7,0.472,12.4,-3.1,48.6,13.1,1669,13.36,12.9,14,16,10.8,5
1731,86,492,6.8,0,67.1,99,88,16.6,15,-2.8,5.5,6.4,0.32,6.1,0.4,15.3,7.4,1616,7.06,12.96,10.5,16,27.8,14.5
1734,86,490.1,6.1,0,67.2,99,87,20.1,15,-2.5,7.1,32.1,0.926,0,1.6,13.7,0,1637,2.91,12.96,0.8,16,8.7,7.2
1737,86,484.9,5.4,0.2,67.4,100,86,10.9,15,-3.1,3.9,-13,0,0,0,12.2,0,1584,2.91,12.912,1.5,16,4.7,6.1
1740,86,476,11.8,0.8,67.1,99,86,36.1,15,-2.5,8.7,20.1,0.659,6.8,-3.3,31.5,5.8,1605,6.23,12.91,3.7,16,7.7,8.2
1743,86,475.9,5.2,0.2,67.1,100,86,19.5,15,-2.8,7,10,1.06,8.6,-1.6,34.8,9.3,1639,8.98,12.96,6.1,16,0.4,3.9
1746,86,473.3,4.7,0,67.1,100,86,12,15,-3.1,3.9,-6.7,1.091,3.9,3.7,14,5.1,1615,4.6,12.96,2.7,16,7.5,6.3
1749,86,468.1,4.4,0,67.1,100,86,13,15,-3.1,5.8,7.9,0.999,1.4,0.2,11.7,0,1637,2.88,12.96,0.9,16,2.3,4.4
1752,86,465.1,3.6,0,67.1,100,86,10.1,15,-3.1,13.7,20.5,0.884,16.9,3.1,74.5,12,1744,12.23,12.96,4,16,0,3.8
1755,86,468,3.9,0,67.1,100,88,9.4,15,-3.1,6.9,-1.8,0.339,6.9,1.3,40.4,8.2,1690,11,12.96,5.2,16,0,4.2
1758,86,458.4,5.7,26.4,67.1,100,86,21.5,15,-2.7,6.3,9.1,0.38,3.4,-0.3,19.4,2.4,1575,3.82,12.96,0.9,16,0,3.9
1761,86,456,7.5,18.7,67.3,100,84,30.9,15,-2.3,8.1,38,1.01,8.4,-0.3,36.7,9.2,1575,8.53,12.96,5.9,16,8.8,7.3
1764,86,454.5,10.6,0,67.5,100,84,36.4,15,-1.9,6.5,38.8,0.997,0,3.9,14.5,0,1587,4.07,12.96,2.4,16,5,5.8
1767,86,452,12.7,0,67.5,100,84,66.7,15,1.6,15.3,21,1.001,0,2.8,18.4,0,1580,2.89,12.922,0.8,16,0,3.5
1770,86,451.9,3.5,0,67.8,100,84,30.2,15,-1.5,13.3,23.7,0.943,6,2.3,27.4,0,1570,3.16,12.909,1.5,16,1.6,4.4
1773,86,454.8,9.4,0,67.6,100,84,28.5,15,-2.7,11.5,26.8,0.916,9.3,2.1,32.4,0.3,1567,3.7,12.999,3.9,16,11.8,11.8
1776,86,458,14.4,22,67.5,100,85,46.7,15,-2.3,12.1,27,0.996,0,1.6,15.9,2,1600,4.43,12.96,8.1,16,28.2,15
1779,86,461.2,13.2,37.4,67.6,100,88,55.8,15,-2.3,18.4,17,0.993,0,2.3,28.2,0.4,1628,3.41,12.96,4,16,16.7,10.3
1782,86,462.9,3.5,0,67.8,100,86,10.2,15,-3.1,6.7,-6.5,0.288,0,0.8,17.9,0,1609,2.96,12.96,1.1,16,0,4.3
1785,86,456,3.5,0,67.8,100,84,10.2,15,-3.1,3.9,-13,0,0,0,12.3,0,1516,2.88,12.916,1.3,16,0,5.9
1788,86,447.3,3.5,0,68,100,74,11.4,15,-3.1,6.1,5.9,0.294,4.1,0,26.2,3.1,1398,4.54,12.818,0.6,16,0,3.5
1791,86,447.8,15.3,9.5,68.2,100,67,29.8,15,-2.5,12.4,31.4,0.893,13.9,0,69,14.9,1387,14.36,13.04,19.2,16,0.3,19.4
1794,86,457.7,31.3,18.6,68.1,100,69,77.7,15,0,29.4,8.5,0.986,23.9,1.6,84.1,22,1930,22.72,12.949,25.1,16,38.9,30.8
1797,86,476.3,35.3,0,67.5,100,76,79.2,15,0,33.5,9.8,0.994,26.2,0.3,90.6,26.4,2273,28.56,12.88,30.9,15,87.8,35.9
1800,86,503.8,39.5,0,67.2,100,81,78.8,15,-0.8,37.7,12.6,1,28.2,-0.3,90.9,28.4,2509,31.41,12.889,32.3,15,86.3,38.8
1803,86,515.1,29.6,21.5,66.9,100,86,71.3,15,-1.8,36.1,15.9,1.002,28.2,0.8,87.1,29,3012,36.33,12.96,29.8,15,65.4,18.5
1806,86,524,20.8,36.4,66.7,99,90,58.3,15,-2.3,18.4,17.5,0.989,0,3.1,37.7,7.2,2040,13.42,12.859,12.4,15,29.1,12.3
1809,86,524.1,25.5,7,66.7,99,90,79.2,15,-1.6,33.3,14,0.992,17.5,2.2,61.5,15,2102,17.67,12.863,13.4,15,21.9,20.6
1812,86,539.8,35.1,4.9,66.7,99,95,76.3,15,-1.6,37,15.9,0.997,28,1.3,88.6,28.2,2759,35.69,12.96,34.5,15,84.7,39.2
1815,86,550.8,33.5,6,66.7,99,102,72.8,15,-1.6,32.8,20.4,1.002,26,0.4,85.2,26.3,3264,38.94,12.96,25.1,15,83.1,33.2
1818,86,559.9,31.4,4,66.7,99,108,72.3,15,-1.6,29.6,21.1,1,18.5,-1.6,68.2,18.4,2525,24.97,12.832,20.3,15,87.8,28.8
1821,86,566.1,33.8,0,66.7,99,112,76.9,15,-1.6,35.7,13,0.998,27.8,0.9,82.2,25.4,2636,30.41,12.892,27.9,15,88.3,33
1824,86,572.2,41.5,0,66.7,100,116,76.9,15,-1.6,40.2,14.7,1.002,28.5,1.6,86.5,28.8,2818,34.25,12.905,34.2,15,85.8,40.4
1827,86,579.7,35.7,0,66.7,99,118,74.6,14,-1.6,38,17.5,1.001,27.3,0.8,84.1,28.3,2993,35.45,12.81,31.4,14,85.5,36.9
1830,86,584.4,33.9,1.2,66.7,99,121,69.1,14,-1.6,31.5,19.5,0.996,23.9,-0.7,79.3,24.7,3062,34.74,12.88,27.8,14,84.6,34.9
1833,86,590.9,35,2.8,66.7,99,124,64,14,-1.6,25.4,17.5,0.993,23.5,0.8,83.9,24.3,2707,31.41,12.937,29.7,14,85.4,36.3
1836,86,596.7,39.9,3.2,66.7,100,126,76.1,14,-1.6,38.4,15.5,0.999,26.7,1.4,85.2,26.5,2792,33.2,12.96,31.2,14,86.1,38
1839,86,599.9,37.3,0.8,66.3,99,128,75,14,-1.6,37.2,16.7,1,27.8,1.6,84.6,27.8,2910,34.94,12.96,31.7,14,85.8,37.2
1842,86,605.9,34.8,0.8,66.3,99,129,73.3,14,-1.6,35.2,17.9,0.999,27,1.6,82.6,27.3,2923,34.44,12.956,31.3,14,85.5,36.5
1845,86,610.3,32.1,5.1,66.3,99,131,71.1,14,-1.6,31.6,18.8,0.997,24.7,1.5,80.8,25,2910,33.86,12.88,27.1,15,86.4,34.1
1848,86,613.6,30.6,6.7,66.2,99,134,69.5,14,-1.6,26.2,19.9,0.997,21.6,0,81.2,22.4,2537,29.76,12.935,25.3,15,87.3,31.4
1851,86,616,29.6,2.1,65.9,99,134,72.2,14,-1.6,31,17.5,0.999,22.7,1.2,81.5,22.9,2644,30.15,12.96,22.1,15,78.5,27.2
1854,86,616.2,23.9,11.3,65.9,99,132,68.4,14,-1.6,29,15.8,1.006,23.1,0.7,83,23.3,2662,30.8,12.96,22.1,15,67.3,24
1857,86,619.9,27.8,12.7,65.8,99,133,46.2,14,-1.6,23.7,17.9,1.011,20.9,0.2,78.4,21.6,2581,28.09,12.96,25.7,15,84.5,32.9
1860,86,617.9,22.5,11,65.5,99,134,28.7,14,-1.6,17.6,22.6,1.012,16.1,0.8,61.2,15.3,2512,19.42,12.96,11,15,34.9,16.5
1863,86,616,18.1,10.3,65.5,99,132,51,14,-1.6,17.6,25,0.997,16.1,1.4,62.4,15.8,2497,20.77,12.96,12.3,15,40.8,18.2
1866,86,616,22.6,21,65.5,99,130,63,14,-1.6,22.2,21.7,0.998,18.3,0.3,69.9,17.5,2493,22.92,12.96,12.8,15,47.2,20.4
1869,86,615.7,16.5,5.3,65.2,100,131,60.8,14,-1.6,23.2,20.9,1.005,20.3,-0.3,77.6,19.7,2503,25.35,12.96,11.9,15,34.1,16.5
1872,86,616,23.3,1.9,65.3,100,132,62.7,14,-1.6,25,20.5,1.008,21.2,0.9,79.5,21,2521,27.83,12.96,22.4,15,77.3,24.8
1875,86,617.5,29.1,2.4,65.5,99,132,72,14,-1.6,32.3,16,1,23.9,1.6,82.4,24.3,2824,33.04,12.974,24.7,15,86.9,29.6
1878,86,620.5,30.2,0.4,65.5,100,132,70.6,14,-1.6,29.4,17,0.999,23,1.6,81.7,23.4,2723,31.63,12.906,25.3,15,86.7,30.9
1881,86,623.8,29.8,7,65.5,99,132,71.1,14,-1.6,29.8,16.8,0.999,22.7,1,81.2,23,2637,30.17,12.821,24.5,15,87.5,29.8
1884,86,624,31.4,7,65.5,99,132,71.7,14,-1.6,30.7,16.9,1,23.2,0.1,81.2,23.9,2680,30.51,12.96,25.9,15,86.7,33.3
1887,86,625.5,28.5,4.9,65.5,100,132,70.8,14,-1.6,31.8,18,0.999,23.9,0.8,80.8,23.5,2824,31.51,12.96,25.2,15,39.5,31.7
1890,86,628,21,0,65.5,100,130,61.2,14,-1.6,21.2,21.2,1.001,19.8,-0.2,75.4,20.7,2613,28.96,12.96,23.3,15,0,29.2
1893,86,627.9,27.1,0,65.9,100,130,68,14,-1.6,24.7,19,0.999,19.6,0,76.2,19.8,2469,26.25,12.96,20.2,15,0,26.4
1896,86,628,25.9,0,65.9,100,132,68.9,14,-1.6,26.2,18,0.997,20.9,0.6,80.2,21,2509,25.93,12.953,17.1,15,0,23.9
1899,86,628,25.5,7.6,66.1,100,134,67.7,14,-1.6,25.5,19.6,0.998,20.4,0.1,77.4,20.2,2550,27.39,12.88,20,15,68.5,25.1
1902,86,626.5,20.6,29.1,66.3,99,134,64.2,14,-1.6,24.6,20.3,0.998,20,0.8,73.7,15.3,2537,20.15,12.934,13,15,39.5,15.3
1905,86,622.7,10.9,52.6,66.3,100,132,43.9,14,-1.6,14.5,28,0.99,14.8,1.4,55.3,13.8,2485,16.56,12.96,6.3,15,4.3,7.3
1908,86,615.9,7.5,2.5,66.3,100,128,24.3,14,-1.6,14.8,24.7,1.002,14.8,-1.4,57.1,15,2426,18.58,12.96,6.7,15,20.8,11.1
1911,86,616,21.7,4.3,66.3,100,127,44.3,14,-1.6,20.3,19.8,1.008,17.4,-3.4,72.6,17.9,2389,24.16,12.956,16.8,15,68.2,22.7
1914,86,616,20.8,14,66.4,100,126,66,14,-1.6,26.1,17.1,0.998,20,0.8,77.6,17.6,2400,23.97,12.88,12.5,15,64.7,22.5
1917,86,615.1,12.8,22.3,66.7,100,126,42.4,14,-1.6,12.5,31.5,0.991,11.4,2.4,50.8,13.3,2344,17.15,12.956,9.6,15,46.6,19.2
1920,86,612,15.3,0,66.7,100,122,51,14,-1.6,8.8,18.1,0.413,5.1,1.5,26.5,6,2265,9.47,12.949,5.3,15,20.6,13.3
1923,86,603.8,7.5,0,66.4,100,116,29.2,14,-3.2,5.9,0.7,0.412,0,1.7,13.5,0,2158,4.22,12.82,1.5,15,13.6,11
1926,86,593,5.7,0,66.5,100,108,13.3,14,-4.7,5.2,-0.4,1.088,0.9,5.4,13.6,0.3,2012,3.8,12.96,0.4,15,0,6.2
1929,86,582.9,6.9,0,66.7,100,102,17.5,14,-4.7,6.7,40,0.884,8.2,3.9,26.3,9.8,1900,7.33,12.911,3.6,15,7.4,6.8
1932,86,580,8.6,0,66.7,100,100,11,14,-4.7,4.3,5.7,0.37,3.7,1.9,18.9,5.3,1900,6.89,12.854,4.3,15,11.8,8.8
1935,86,563.6,5.7,0,66.9,100,99,10.6,14,-4.7,4.3,-13,0,0,0,11.4,0,1896,3.49,12.802,0.4,15,0,4.3
1938,86,554.6,4.1,0,67.1,100,97,10.2,14,-4.7,4.2,-13,0,0,0,11.4,0,1875,3.36,12.96,0.4,15,0,4
1941,86,539.7,3.9,0,67.1,100,96,10.2,14,-4.7,3.9,-13,0,0,0,11.4,0,1832,3.26,12.96,0.4,15,0,3.9
1944,86,527.8,3.9,0,67.1,100,94,10.2,14,-3.5,4.8,18.6,0.563,4.6,3.2,16.8,5.7,1782,6.37,12.93,0.7,15,1.1,4
1947,86,523.9,3.9,0,67.4,100,91,14.8,14,-2.6,9.2,28.6,0.941,11,1.1,38.1,12.6,1768,12.3,12.891,3.3,15,8.5,4.9
1950,86,526.7,15.7,17.1,67.5,100,90,40.7,14,-1.4,16.1,21.5,1.009,16.6,-5.3,71.3,16.4,1830,18.22,12.942,15.3,15,73.7,22.4
1953,86,533.6,23.9,18.5,67.4,100,91,69.4,14,0,22.6,12.7,0.998,18.4,-0.8,79.6,18.8,2025,22.32,12.96,18.9,15,84.3,24.5
1956,86,542.3,25.4,5.6,67,100,92,70.5,14,0,23.5,14,1.009,19.6,0,80.8,19.4,2087,23.07,12.96,20,15,89.8,25
1959,86,548.4,23.1,14.7,66.7,100,92,69.8,14,0,24.5,13.6,1.001,19.9,1,81,19.4,2092,23.13,12.96,13.4,15,65.6,19.1
1962,86,551.8,14.1,90.5,66.7,100,92,72.2,14,0,25.3,11,0.992,20.2,1,81.9,19.5,2052,22.78,12.96,3.8,15,0,4.3
1965,86,554.4,8.9,42.6,66.7,100,93,50.5,14,-0.9,20.5,13.7,0.989,18.8,-0.4,80.2,19.5,1998,22.75,12.96,20.8,15,17.3,5.2
1968,86,554.5,6,0,66.7,100,94,14.5,14,-3,6.1,30,1.006,8.2,-3.9,25.9,5.9,1725,7.92,12.96,8.8,15,15.1,6.9
1971,87,551.3,8.1,0,66.7,100,92,40.8,14,-2.3,10.2,31.5,1.001,10.2,-2.8,36.2,8.4,1747,5.9,12.921,3.8,15,9.8,7.8
1974,87,547.9,3.9,0,66.3,100,94,18.1,14,-2.9,9.9,35.7,0.987,5,-0.7,40.4,5.4,1762,5.99,12.906,4.4,15,9.6,6.6
1977,87,531.8,3.9,0,66.3,100,94,10.4,14,-3.1,6.7,13.6,0.573,0.3,0.5,30.6,0,1753,3.05,12.96,0.8,15,0,3.9
1980,87,526.8,3.9,1.5,66.5,100,92,9.7,14,-3.1,6,2.3,0.213,3,0.4,15.7,1.2,1727,3.38,12.96,0.4,15,0,3.9
1983,87,522.3,8.2,1.6,66.7,101,90,19.9,14,-2.9,10.9,37.7,0.888,12.2,2.3,51.8,13.3,1762,13.94,12.96,8.2,15,17.1,9.9
1986,87,520,14.5,0.5,66.7,100,90,51,14,-1.6,13.7,23.5,0.992,13.3,1.8,55.5,13.3,1820,9.2,12.96,5.5,15,20.3,12.3
1989,86,520.1,14.5,3.5,66.7,100,88,56.5,14,-2.1,12.7,24.4,0.989,12.5,2.8,54.5,12.9,1774,9,12.96,4.4,15,16.3,11.1
1992,86,523.8,17.1,10.6,66.5,100,88,59.5,14,-2.3,14.4,22.4,0.992,13.2,3.2,56.3,13.4,1701,13.59,12.96,11.9,15,28.2,14.5
1995,86,528.3,19.8,7.7,66.3,100,88,64.6,14,-1.7,18.6,17.1,1.002,16.4,1.5,68.3,16.1,1812,17.81,12.96,13.3,15,34.9,16.4
1998,86,534.5,23.7,1,66.3,100,88,70.8,14,0,23.5,10,0.998,20,0,83.1,20,1921,21.01,12.912,19.1,15,63.4,22.7
2001,86,540.6,28.7,4.4,66.3,100,92,74.5,14,0,27.5,11.1,1.007,21.6,0.5,83.1,16.5,2030,17.14,12.909,18.6,15,80.5,27.2
2004,86,547.8,23.1,10.5,66.3,100,95,43.4,14,-0.9,18.1,24,1.013,20.3,-0.8,79,14.1,2024,12.06,12.939,9.6,15,53.6,21.2
2007,86,550.4,17.6,27.2,66.3,100,96,19.5,14,-2.6,6.7,32.5,1.011,15.1,-3.8,66.6,15.8,1800,17.05,12.8,15.3,15,47.5,19.4
2010,86,550.4,11.5,27.6,66.3,100,95,22.2,14,-4.4,5,15.7,0.999,7.1,-2.3,20,7.1,1762,7.62,12.916,5.2,15,19.6,10.5
2013,87,547.2,7.4,0.7,66.3,100,92,59.6,14,-2.3,17.3,19,0.989,13.4,-1.2,52.3,11.8,1770,11.06,12.96,1,15,0,3.9
2016,87,543.9,5.1,0,66.3,100,92,56.7,14,-2.3,19.3,16.9,1.001,17.1,0,73,16.1,1818,17.24,12.939,4.8,15,8.1,5.2
2019,87,547,12.1,0,66.3,100,94,36.7,14,-3.3,16.8,18.9,1.013,18,-0.5,77,17.9,1881,19.98,12.885,18.6,15,73.7,18
2022,87,545.9,11.7,9.6,66.3,100,95,27.6,14,-4,10.2,23.3,1.009,15.8,-3.7,70.6,16,1850,16.73,12.96,0.8,15,20.8,8.5
2025,87,542.8,8,17.2,66.3,100,94,43.6,14,-1.6,5.5,17,0.979,3.5,0,13.7,4.7,1784,7.94,12.96,1.3,15,0,3.9
2028,87,539.1,7.1,8.1,66.3,100,92,22.7,14,-3.1,4.9,34,0.979,7.5,0,22.8,8.4,1782,7.85,12.96,1.9,15,2.7,4.9
2031,87,531.9,15.3,42,66.3,100,92,25.8,14,-2.6,9.3,35.3,0.991,12.1,-1.2,37.2,7.7,1781,9.55,12.96,2.5,15,9.1,7.4
2034,87,532,10.7,19.7,66.3,100,91,35.7,14,-2.3,13.3,28.8,1.003,14.5,-2.6,49.2,0,1735,4.33,12.96,3.1,15,6.3,5.5
2037,87,530.1,6.4,3.3,66.3,100,91,37.5,14,-2.4,12.7,18.8,0.964,11.3,0,37.6,0,1712,3.15,12.96,1.4,15,2.4,4.5
2040,87,525.2,5.5,0,66.3,101,92,9.5,14,-3.1,3.9,-13,0,0,0,18.5,0,1736,3.1,12.96,0.6,15,3.1,5.9
2043,86,516,12.5,0,66.3,100,94,23.5,14,-2,6.6,21.3,0.579,4.7,-0.4,19.7,0,1765,3.23,12.935,0.4,15,6.4,8.6
2046,86,507.8,5.9,0,66.6,101,95,16.1,14,-3.2,6.1,16.8,0.652,5.8,-0.6,23.9,0,1797,3.48,12.889,0.4,15,0,3.9
2049,86,499.4,3.9,0,66.9,101,94,10,14,-4.3,4.2,-9.6,0.16,0.7,0.3,11.8,0.3,1836,3.32,12.96,0.4,15,0,3.9
2052,86,490.9,6,11,67.1,101,90,9.5,14,-3.1,3.9,3,1.119,6.3,3.9,18.8,10.2,1637,7,12.96,6.1,15,12.5,8.4
2055,86,488.3,13.2,55.5,66.7,101,88,54.1,14,-2.5,12.8,16.4,1.04,12.6,0,49,13.7,1703,13.19,12.96,12,15,33.6,14.9
2058,86,492,21.2,0,66.7,100,88,68.2,14,-0.8,21.5,14.4,0.999,17.9,-0.8,75.8,18,1882,20.07,12.96,16.9,15,59.9,20.2
2061,86,504.9,26.1,0,66.7,100,89,72.4,14,0,21.8,14.6,0.994,19.3,0.5,82.9,20.1,2071,23.92,12.953,21.1,15,89.8,25.5
2064,86,515.5,27,0,66.7,100,90,72.7,14,0,21.1,17.4,0.997,19,0.3,81.8,19.5,2023,23.26,12.88,20.4,15,90.1,26.4
2067,86,527.2,27.7,0,66.6,100,90,74.5,14,0,27.3,11,0.998,22.7,1.6,86.3,23.1,2200,26.49,12.941,23.3,15,89.2,28.1
2070,86,539.3,28.7,0,66.2,100,90,74.5,14,0,29,11.5,1,23,1.6,85.7,23.1,2275,27.11,12.96,24.1,15,88.6,28.7
2073,86,549,27.9,0.2,65.9,100,90,74.5,14,0,29.6,11.5,0.999,23.4,2,86,23.5,2319,27.79,12.96,24.3,15,88.4,28.6
2076,86,559.9,29,7,65.6,100,93,74.5,14,0,24.4,15.9,0.998,19.8,2,75.1,19.2,2171,23.36,12.96,22,15,82.3,28.8
2079,86,562.7,14,2.9,65.5,101,96,49.7,14,-1.8,16,26,0.999,12.4,1.4,51.3,10,1819,9.78,12.96,7.8,15,17.3,10.6
2082,86,560.5,4.8,0,65.6,101,98,15.3,14,-4.7,7.2,35.9,1.006,0,0,13.3,7.8,1925,6.24,12.841,5,15,7,7
2085,86,552.9,4.2,0,65.9,101,100,10.2,14,-4.7,4.3,-13,0.001,0,0,12.1,3.3,1890,4.71,12.8,2.3,15,0,4.2
2088,86,539.9,3.9,0,65.9,101,99,9.7,14,-4.7,4.1,-13,0,0,0,11.4,0,1836,3.32,12.834,0.5,15,0,3.9
2091,86,531.7,3.9,0,65.9,101,94,9.4,14,-4.1,3.9,-5,0.302,1.7,0.7,12.9,1,1763,3.33,12.96,0.8,15,0,3.9
2094,86,524.2,7.9,0,65.9,101,90,18.9,14,-3,5.2,12.8,1.112,7.2,3.1,19.6,7.5,1662,5.84,12.96,3.8,15,9.3,8
2097,86,520,12.8,0,65.9,101,90,48.6,14,-2.3,12.5,25,1.001,12.5,-1.6,44.5,10.8,1696,8.16,12.913,3.2,15,11.3,9.9
2100,86,520,12.5,0,65.9,101,90,51,14,-2.3,16.2,19.9,0.998,14.5,-1.2,62.7,14.1,1773,12.99,12.906,5.1,15,12,9.5
2103,86,523.7,11.7,0,65.7,101,92,44,14,-2.3,13.1,14.9,0.995,12.5,-0.6,61.8,13.9,1844,17.05,12.96,12.9,15,29.8,10.2
2106,86,520.1,9.2,1.9,65.7,101,93,33.7,14,-2.3,4.7,16,0.993,0,0.1,11.8,0,1725,3.03,12.96,3,15,8.7,7
2109,86,514.8,5.9,3.3,65.8,101,92,25.5,14,-2.3,6.7,40,1.013,0,6.3,14.3,0,1734,3.04,12.96,0.4,15,0,4.5
2112,86,510.5,4.2,2,65.5,101,92,9.4,14,-3.1,4.6,1.6,1.084,3.6,2.4,14.4,3.4,1724,3.62,12.96,1.2,15,2.5,3.6
2115,86,499.9,7.8,57,65.5,101,92,28.8,14,-2.6,8.4,9,1.07,8.1,-1,23,5.8,1751,4.55,12.944,2.5,15,7.5,4
2118,86,500,8.3,20.8,65.5,101,92,25.8,14,-2.6,8.7,14.7,1.009,10.7,-2.3,34.5,6.1,1820,5.68,12.883,2.7,15,7.8,6.3
2121,86,498,7.7,0,65.7,101,91,16.5,14,-2.9,5.2,-2.9,0.997,8.9,-2.3,22.4,9,1712,7.41,12.96,1.6,15,2.3,4.7
2124,86,494.9,6,0,65.9,101,90,27.3,14,-2.3,11,29,0.979,11.8,-1.6,42,2.1,1767,4.61,12.96,0.9,15,2.3,5
2127,86,492,4.4,0.4,65.9,101,90,12.5,14,-3.1,8.9,36.9,1.002,10.3,0.4,35.8,5.3,1755,5.55,12.96,2,15,7.9,7.5
2130,86,491.9,20,53.5,65.9,101,91,48.1,14,-1.4,14.8,27.9,1.003,12.7,0.7,47.4,9.8,1764,8.44,12.96,5.2,15,17.1,11.4
2133,86,497.1,10.7,23.7,65.7,101,93,56.1,14,-0.7,19.3,16.7,0.993,14.7,-1,69.8,10,1859,9.97,12.96,8.2,15,22,12.9
2136,86,498.4,4.7,0,65.4,101,94,30.1,14,-2.4,13.6,22.8,1.004,0.4,-2.3,20,0,1750,4.8,12.96,2.9,15,9.5,8.3
2139,86,495.5,5.5,0,65.1,101,92,14.9,14,-3.1,5.9,38,0.884,5.7,4.9,22.9,4.8,1729,5.02,12.96,1.9,15,3.2,5.2
2142,86,491.9,4.7,0,64.8,101,92,32.1,14,-2.6,11.5,27.9,0.945,10.8,3.6,39.7,9.8,1724,6.18,12.96,3.4,15,9.7,7.6
2145,86,492,11.8,0,64.5,101,92,47.9,14,-2.3,14.8,22.2,1.002,11.9,-2.4,53.2,10.3,1746,4.45,12.959,1.2,15,8.6,8.6
2148,86,490,11.8,0.4,64.3,101,92,53.3,14,-2.3,14.1,25.5,0.988,5.7,0,18.8,0.4,1725,3.24,12.88,0.9,15,2.6,5.5
2151,86,489.2,7.5,3.5,64.4,101,92,45.5,14,-2.3,14.1,22.5,1.013,10.6,0,34.9,7.8,1752,7.55,12.928,4.3,15,7.9,6.9
2154,86,491.4,5.6,12.9,64.7,101,94,19.6,14,-3.1,6.9,21.8,1.006,4.2,0.5,24.4,5,1756,6.46,12.96,5,15,14.3,9.7
2157,86,483.8,8.6,0,64.7,101,91,24.6,14,-2.6,8,22.9,0.993,4.7,0.5,24.1,3.3,1753,3.73,12.96,1.8,15,6.7,6.3
2160,86,486.5,10.9,0,64.7,101,90,37.3,14,-2.3,12.6,23.4,0.983,12.8,0.1,53.1,11.8,1761,5.96,12.96,5.5,15,23.9,12.2
2163,86,488,10,0,64.8,101,90,49.3,14,-2.3,15.6,20.3,0.998,14.5,0.8,58,7.1,1737,7.84,12.96,7.4,15,16.3,10.2
2166,86,489.3,5.7,0,65.1,101,92,38.4,14,-2.3,18,16.5,1.01,18,-2.6,74.3,15.1,1841,16.23,12.96,13.6,15,36.1,12.1
2169,86,496,4.3,0,65.1,101,94,24.9,14,-2.8,10.9,28,1.008,14,-2.8,54.1,13.1,1834,15.86,12.937,15.4,15,65.8,19.1
2172,86,493.2,13.2,0,65.1,101,93,39.4,14,-2.8,10.8,29.3,0.998,7.3,-1.2,22.2,6,1739,6.22,12.883,2.7,15,8.6,7.8
2175,86,492,13.6,24.1,65.1,101,92,53.1,14,-2.3,15.7,20.3,0.987,2.9,0,24.7,10.2,1750,8.48,12.96,2.5,15,9.4,7.6
2178,86,492,10.2,42.1,65.1,101,92,27.8,14,-2.3,4.3,38.5,0.979,9,1.3,21,9.9,1715,8.12,12.96,3.5,15,8.7,7.3
2181,86,492,12.5,0,65.1,101,90,51.8,14,-2.3,12.2,26.4,0.99,12.8,1.1,45.5,12.4,1748,10.15,12.96,3.3,15,5.6,7.2
2184,86,491.8,12.9,0,65.1,101,91,55.1,14,-1.9,15.7,20.8,0.99,14.8,0.8,64.1,14.7,1803,12.85,12.966,1.6,15,0,7.5
2187,86,494.5,12,0,65.1,101,92,55.1,14,-1.8,15.9,20.5,0.981,14.1,1,60.6,13.9,1811,12.55,13,2,15,11.8,8.7
2190,86,496,10.7,0,65.2,101,92,46.8,14,-2.3,14,22.7,0.99,14.1,2.3,62.4,11.4,1787,5.28,12.969,1.1,15,4.3,7.2
2193,86,495,10.4,12.5,65.6,101,92,28.3,14,-2.3,10.6,30,1.005,3.6,0.5,29.1,6.4,1762,4.59,12.96,1.7,15,3,5.7
2196,86,492.1,12.5,67.5,65.9,101,90,44.7,14,-1.8,10.6,29,0.996,4.4,-0.4,20.7,6.7,1727,5.78,12.96,5.2,15,12.7,7.7
2199,86,495.9,15.8,68.3,65.9,101,90,58.6,14,-0.7,15.8,22.2,0.994,9.7,-0.8,32.9,9.5,1709,8.31,12.96,10,15,30,15.7
2202,86,498.6,13.4,71,65.9,101,91,58.8,14,-0.8,16.1,21.7,0.998,14.1,-0.6,52.7,9.9,1737,10.22,12.96,8.2,15,20,12.6
2205,86,500,11.6,46.1,65.8,101,92,42.1,14,-2.4,5.8,39.5,0.998,10.6,0.8,35.7,10.6,1737,10.13,12.96,6.8,15,13.2,8.9
2208,86,499.1,12.2,4.4,65.5,101,92,27.1,14,-3.1,5.1,31.5,0.988,7.8,0.2,27.9,9.5,1713,8.54,12.96,5.7,15,10.6,8.2
2211,86,496.1,14.1,17.5,65.5,101,92,51.8,14,-2.5,11.6,25,0.995,11.6,0.5,44.6,11.8,1723,10.94,12.96,7.4,15,16.6,10.9
2214,86,503.9,15.8,3.4,65.2,101,93,51.8,14,-2.3,14.1,22.3,0.999,14.3,1.7,61.6,14.4,1753,15.11,12.96,11.1,15,29.9,15.2
2217,86,504,8.4,0,64.9,101,93,34.2,14,-2.6,12.6,27.6,0.972,14.3,2.4,62.3,14.4,1760,14.83,12.96,7.1,15,16.9,10.6
2220,86,505.9,11.7,1.1,64.6,101,92,26,14,-2.5,11.6,34.7,0.892,14.9,-0.8,71.4,16.5,1737,17.84,12.96,15.6,15,5.8,17.8
2223,86,510.1,20.6,2,64.2,101,92,67.3,14,0,20.8,14.5,0.993,3.5,2.3,34.2,14.8,1737,18.17,12.96,16.9,15,0,20.3
2226,86,516.2,20,0,63.9,101,92,74.5,14,0,24.4,10.1,0.994,11.7,0.9,31.3,7.3,1732,12.55,12.96,12.5,15,5.8,17.4
2229,86,523.8,17.3,0,64.2,101,92,74,14,0,29.1,7.6,0.994,21.1,-0.5,54.5,7.4,1832,8.8,12.96,7.3,15,27.8,14.9
2232,86,530.8,32.9,0,64.3,101,94,75.6,14,-0.4,34.6,9.3,0.994,28,0,90.4,29.9,2229,28.76,12.96,34.9,15,72.1,34.8
2235,86,541.3,44.1,4,64.2,101,99,78.4,14,-1.5,39.8,17.5,0.997,31.4,0,88.6,31.4,3211,38.53,12.96,32.4,14,85.2,38.5
2238,86,553,32.8,14.8,63.9,101,108,71.4,14,0.8,26.3,22,0.994,24.2,-0.5,79.8,25.3,3290,39.36,12.96,25.6,14,80.1,31.3
2241,86,560,23.9,0,63.9,100,112,73,14,-0.7,27,17.8,0.993,21.6,0.3,78.3,21.7,3047,34.8,12.96,19.2,14,75.4,24.4
2244,85,566.3,27.6,6.2,63.9,101,115,74.6,14,-1.6,28.5,14.1,0.998,22.6,0.9,83.3,22.6,2542,29.8,12.96,23.9,14,88.2,29
2247,85,572.7,24.5,4.4,64.1,101,117,73.7,14,-1.1,28.5,15.4,1.004,23,-0.7,82.8,23.1,2612,30.39,12.96,23.9,14,89.1,24.1
2250,85,579.1,24.3,0.8,64.3,101,118,70.9,14,-0.1,25.1,17,1,22,0,83.9,22.7,2473,29.36,12.905,24.2,15,87.8,26.5
2253,85,584.8,30.7,2.7,64.3,101,118,72.9,14,-1.6,30.6,15,0.999,23.1,0.6,83.1,23.2,2576,30.19,12.922,25.1,15,86.7,30.4
2256,86,588,31,4.3,64.7,101,119,72.4,14,-1.6,30.1,15.6,0.998,23.1,0.8,82.1,23.2,2648,30.84,12.96,25,15,87.2,30.4
2259,87,595.7,28.8,1.5,64.7,101,121,70.7,14,-0.9,27.2,16.5,0.998,21.9,0.7,80.6,22.4,2604,30.22,12.96,22.7,15,89.4,25.5
2262,87,597.8,26.3,0,64.7,101,123,69.2,14,-0.3,23.3,17.4,0.998,19.2,0,76.9,20.4,2375,26.51,12.96,21.3,15,88.9,25
2265,87,600,22.4,0,64.7,100,124,69.1,14,-1.6,24.3,16.5,1.002,16.9,0.6,71,18,2367,24.06,12.96,18,15,64.3,20.9
2268,87,600,14.5,0,64.7,101,124,32.2,14,-1.6,15.8,27.3,1.003,13.9,0.8,54.1,14.3,2342,18.87,12.96,13.1,15,26.3,13.8
2271,87,597,8.1,0,64.9,101,123,21.6,14,-3,8.9,33.3,1.006,9,-0.4,32,9.2,2294,11.41,12.953,6,15,16.9,10.6
2274,87,587.2,5.3,0,65.1,101,120,12.8,14,-4.7,5.4,24.7,1.027,4.2,-3.7,14.6,1.6,2200,4.49,12.88,0.4,15,4.7,6.8
2277,87,578.6,7.6,2.4,65.1,101,115,18.3,14,-4.5,5.3,-11,1.119,7.1,0,18.8,4.8,2120,4.69,12.93,0.6,16,9.5,8.8
2280,86,576,12.8,8.3,65.1,101,110,45.5,14,-1.6,14.5,16.3,1.042,11.6,-0.5,40.7,10.6,2081,10.83,12.96,5.6,16,24.6,14.1
2283,86,575.9,12.2,0,64.8,101,109,27.7,14,-3.4,11.4,30.2,1.009,15.4,-2,62.9,15.4,2071,18.65,12.96,13.9,16,43.6,17.9
2286,86,576,20,1.4,64.5,101,106,39.5,14,-3.1,14.3,29,1.009,17.9,-3.1,75.3,17.5,2069,21.66,12.96,16.9,16,88.2,23.9
2289,86,574.4,18,13.9,64.3,101,102,69,14,-0.2,25,12.7,0.994,20.8,2.3,82,20,2200,16.63,12.96,6.3,16,35.7,12.7
2292,86,572,8.6,30.5,64.3,101,96,51.8,14,-1.6,14.9,21.5,0.982,15.7,-1,67.9,16.8,1934,16,12.96,7.5,16,21.4,9.6
2295,86,571.9,20.8,0,64.3,101,90,63,14,-0.5,10.6,26.4,0.987,14.5,-2,64.7,15.2,1714,16.31,12.96,14.4,16,56.7,20.1
2298,86,572,22.4,8.6,64.5,101,87,69.8,14,0.7,15.3,22.1,0.991,16.4,-0.7,72.5,16.7,1686,16.52,12.96,9.8,16,31.8,17.3
2301,86,576.2,25.6,7.2,64.6,101,84,73.3,14,1.3,26.4,9.5,0.989,20.9,2.3,83.5,22,1912,23.14,12.96,25.5,16,72.6,24.7
2304,86,583.5,29.2,0,64.2,101,84,76.1,14,0,28.6,9.5,1,22.4,1.6,84.7,22.5,2096,25.2,12.96,25.5,16,89.2,30.2
2307,87,592.7,30.8,0,63.9,101,86,76.9,14,0,31,10.6,1.003,24.1,1.1,86.5,24.2,2282,27.26,12.929,23.9,16,89.3,30.6
2310,87,599.9,9.8,0,63.9,101,89,68.1,14,0.9,27.4,10,1.008,23,-0.1,84.6,18.3,2192,22.55,12.88,19,16,87.5,24.8
2313,87,597.4,22.9,0,63.9,101,91,69.7,14,1,26.5,8.8,1.006,20.8,-1,80.6,6.6,1786,5.23,12.88,5.1,16,32.2,17.3
2316,87,599.6,31,0,63.9,101,94,76.8,14,0,30.7,8.8,0.987,24.3,2.3,87.1,24.7,2200,26.55,12.942,21.7,16,68,25.9
2319,87,605,30,0,63.9,101,98,73.7,14,0,26.3,11.5,0.998,22,1.8,84.4,22.4,2168,25.59,12.96,24.6,16,88.8,29.5
2322,87,608,26.3,0,63.9,100,102,72.6,14,0,24.2,14,0.999,19.7,1.2,80.1,20,2110,23.88,12.96,21.1,16,85.5,25.4
2325,87,608,14.6,0,64.2,101,104,55.7,14,-0.8,18.8,19.7,0.996,16.7,1.3,65.5,14.1,2037,19.06,12.96,16.5,16,64.3,20
2328,87,603.2,7.2,0,64.3,101,105,30.9,14,-2.6,11,16.4,0.83,11.5,2.1,32.9,0,1985,4.55,12.96,0.8,16,13.4,8
2331,87,592.6,4.3,0,64.4,101,103,10.2,14,-4.7,4.3,-13,0,0,0,11.8,0,1900,3.77,12.96,0.5,16,0,4.3
2334,87,578.4,4.3,0,64.7,101,100,10.2,14,-4.7,4.3,-13,0,0,0,11.8,3.6,1863,4.51,12.96,1.4,16,2.6,4.9
2337,87,567.9,4.3,0,64.7,101,98,10.2,14,-4.7,6,17.5,0.533,4.4,-2.5,18,3.5,1809,4.77,12.96,2.3,16,6.8,6
2340,86,559.8,4,0,64.7,101,96,12.5,14,-3.7,9.8,33.8,0.973,11.5,-3.3,37,3.2,1783,5.38,12.96,0.8,16,0,3.9
2343,86,556,8.5,25.8,64.7,101,95,24.1,14,-2.2,14,25.3,0.89,17.6,3.9,78,17.6,1900,18.46,12.96,8.9,16,19.6,10.9
2346,86,555.1,12.7,54.7,64.7,101,96,52.1,14,-1.6,13.7,24,0.992,5.1,3.3,36.1,8.9,1833,8.68,12.96,5.7,16,16.7,10.4
2349,86,551.8,3.9,0,64.3,101,94,15.7,14,-4,8.1,34.3,0.984,5.8,1.4,21.4,4.5,1771,3.21,12.931,0.8,16,0,3.8
2352,86,543.8,3.6,0,64.3,101,88,12.5,14,-3.8,4.7,15.6,0.603,4.1,0,18.9,2.8,1694,3.11,12.901,0.8,16,0,3.5
2355,86,535.2,3.5,0,64.3,101,83,10.5,14,-3.1,3.6,-13,0,0,0,11.8,0,1550,2.89,13.059,0.4,16,0,3.5
2358,86,523.3,4,3.7,64.3,101,79,12.9,14,-3.1,3.9,-13,0,0,0,12.5,0,1498,2.88,13.001,0.4,16,0,3.5
2361,86,512.1,5.5,16.5,64.3,101,74,35.3,14,-2.3,8.6,11.8,0.61,7,-0.4,35,5.8,1513,6.72,12.907,3.2,16,5.3,5.3
2364,86,515.7,7.9,5.6,64.3,101,77,37,14,-2.3,11.1,23.6,1.009,12.3,-0.6,55,10.4,1552,11.33,12.809,9.5,16,26.7,14.1
2367,86,514,9,31.7,64.5,101,80,35.8,14,-2.3,10.3,20.7,0.999,10.8,0,43.7,1.6,1500,3.14,12.96,0.8,16,7.6,7.5
2370,86,508.2,7.4,54.7,64.7,101,80,27.9,14,-2.3,4.3,9.5,0.979,0,0,13.3,0.3,1500,3.01,12.96,0.6,16,0,3.9
2373,86,499.7,3.5,0,64.7,101,80,11,14,-3.1,5.1,26.8,0.917,3.5,4.7,16.9,3.2,1494,3.91,12.96,1.1,16,0,3.6
2376,86,495.9,3.5,0,65,102,79,11,14,-3.1,4.3,11.2,0.518,3.4,5,17.6,4.2,1454,4.58,12.96,2.2,17,0,3.9
2379,86,485.9,3.5,0,65.3,102,73,13.2,14,-3.1,4.5,1.1,0.179,2,0,18.5,0.9,1351,3.04,12.96,0.4,17,0,3.6
2382,86,481.7,4.6,0,65.4,102,67,20.9,14,-3,7.4,38.2,0.888,11.4,0,57.6,11.4,1375,10.9,12.96,5.8,17,13.9,8.8
2385,86,484.7,7.3,0,65.1,102,72,37.6,14,-2.3,12.2,18,1.008,12.2,-0.6,61.3,12.1,1436,12,12.96,8.9,17,22.9,12.5
2388,86,488,12.5,0,65.1,101,76,47.3,14,-2.3,7.2,15.3,0.998,6.3,-0.4,42.1,7.5,1456,9.41,12.939,7.6,17,19.9,11.5
2391,86,481.9,5.9,0,64.9,102,75,29.3,14,-2.7,4.1,3.1,0.664,0,0,14.1,0,1415,2.96,12.886,0.4,16,0,3.5
2394,86,473.5,4.1,0,64.9,102,73,14.5,14,-3.1,4.3,-3.4,0.106,0.4,0.5,14.4,0,1362,2.86,12.96,0.4,16,0,3.5
2397,86,466.8,4.4,0,65.1,102,72,19.7,14,-3.1,5.9,40,0.884,4.7,8.6,23.1,4.3,1354,3.55,12.96,0.6,16,0,3.7
2400,86,463.5,3.5,0,65.1,102,70,11.8,14,-3.1,4.5,4.8,0.378,3,4.2,18.8,2.4,1360,3.51,12.96,0.7,17,0,3.8
2403,86,447.8,3.5,0,65.1,102,67,11.8,14,-3.1,3.9,-13,0,1.1,0,14.2,0,1369,2.91,12.96,0.4,16,0,3.5
2406,86,441.3,3.5,0,65.3,102,62,12,14,-3.1,3.9,-12.9,0,0,0,14.5,0,1337,2.88,12.96,0.4,16,0,3.5
2409,86,433.4,3.5,0,65.6,102,57,12.6,14,-3.1,3.9,-12.5,0,0,0,15.3,0,1290,2.85,12.96,0.4,17,0,3.5
2412,86,427,3.5,0.1,65.9,102,50,13.3,14,-3.1,3.9,-12.1,0,0,0,15.8,0,1241,2.87,12.96,0.4,17,0,3.5
2415,86,415.9,3.5,2.5,66.2,102,47,13.8,14,-3.1,3.9,-11.7,0,1.3,0,16.5,1.2,1202,3.04,12.946,0.4,17,0,3.5
2418,86,411,3.7,1.1,66.3,102,45,14.1,14,-3.1,3.9,-11.7,0,2.5,0,17.2,3.7,1175,3.46,12.88,0.4,17,0,3.9
2421,86,404.6,4.1,0,66.4,102,41,14.6,14,-3.1,3.9,-12,0.01,0,0,16.5,0,1206,2.96,12.88,0.4,17,0,3.7
2424,86,400,6.5,0,66.7,102,32,18.3,14,-3.1,3.9,-11.5,1.119,6.3,0,24.2,7.1,1212,8.76,12.927,5.9,17,0.2,8
2427,86,400.6,14.9,0,67.1,101,36,69,14,0.4,15.4,3.1,1.049,14.1,-2.2,56.9,14.5,1453,15.48,12.903,13.7,17,19.9,15.9
2430,86,415.9,22.4,0,66.8,101,43,69.5,14,1.6,19.6,11.5,1.006,18,-3.2,81.8,18.8,1725,19.57,12.813,19.3,17,79.2,22.4
2433,86,426.6,17.2,0,66.5,101,51,59,14,0.6,16.8,16.9,1.004,15.9,-1.6,76,17.3,1675,15.32,12.96,8.2,16,38.8,15.5
2436,86,437.2,9.8,0,66.3,101,56,34.8,14,-2.3,8.2,32.5,1.013,0,-2.3,31,4,1415,6.65,12.96,3.3,16,10.7,8.1
2439,86,439.2,3.5,0,66.3,102,54,14.1,14,-2.9,5.2,2.3,0.391,0,-1,23.1,0,1270,3.02,12.96,0.4,16,0,3.5
2442,86,427.8,3.5,0,66.3,102,52,14.1,14,-3.1,3.9,-12,0,0,0,16.6,0,1212,2.92,12.968,0.4,17,0,3.5
2445,86,421.2,3.5,0,66.5,102,48,13.8,14,-3.1,3.9,-12,0,0,0,16.9,0,1212,2.89,13.04,0.4,17,0,3.5
2448,86,411.9,3.5,0,66.7,102,45,13.4,14,-3.1,3.9,-12,0,0,0,16.5,0,1212,2.91,12.988,0.4,17,0,3.5
2451,86,403.3,3.5,0,66.7,102,42,14.1,14,-3.1,3.9,-12,0,0,0,16.5,0,1206,2.9,12.928,0.4,17,0,3.5
2454,86,395.9,3.5,0,67,102,35,21.1,14,-2.6,7.6,4.4,0.395,4.5,0,31.4,3.7,1231,4.48,12.893,1.4,17,1.2,3.7
2457,86,398.6,8.6,0,66.9,102,36,38.6,14,-2.3,11.6,17.9,0.908,11.5,0,59,11.3,1318,10.18,12.96,7.8,17,20,11.4
2460,86,404.9,13.3,20.7,66.6,101,42,58.7,14,-2.3,13.9,14,0.992,13.7,0,68.2,13.7,1425,13.68,12.96,10,17,24.9,12.9
2463,86,415.2,15.8,58.1,66.3,101,48,64.3,14,-2.3,16.1,13.5,1.002,14.9,0.6,71.7,15,1511,15.01,12.96,12,17,32,14.9
2466,86,432,16.5,58.8,65.9,101,54,62,14,0.3,15.6,15.3,0.998,12.7,1.5,60.8,14.3,1562,14.65,12.96,12.4,17,36.7,15.9
2469,86,440,9.2,22.5,65.9,102,57,57.1,14,0,14.1,17,0.998,10.7,1.5,48.3,12.1,1544,12.16,12.96,9.4,17,22.7,10.6
2472,86,447.5,7.7,0,65.9,102,59,44.6,14,-2.4,11.3,15.4,0.98,12.2,-0.8,60.4,11.8,1412,11.5,12.96,8.8,17,21.5,11.3
2475,86,449.2,9.8,0,65.9,102,62,14.9,14,-3.1,3.9,-11.5,0,2.6,-0.2,29.5,3.7,1257,6.1,12.96,4.2,17,12,8.5
2478,86,440,3.5,0,65.9,102,58,14.1,14,-3.1,3.9,-11.8,0,0,0,17.1,0,1191,2.92,12.993,0.4,17,0,3.5
2481,87,433.5,3.5,0,66.4,102,51,13.6,14,-3.1,3.9,-12,0,0,0,16.7,0,1215,2.91,13.048,0.4,17,0,3.5
2484,87,424.7,3.5,0,66.9,102,40,13.6,14,-3.1,3.8,-12.1,0,0,0,16.2,0,1221,2.9,12.96,0.4,17,0,3.5
2487,87,416.7,4.3,0,67.2,102,30,14.6,14,-3.1,3.5,-10,0.026,0,0,17.3,0,1112,2.88,12.96,0.4,17,0,3.5
2490,87,410.2,6.2,1.6,67.5,102,22,16.5,14,-3.1,3.9,17,0.884,0,9.6,17.5,2.3,1144,3.07,12.916,1.6,17,4.8,5.4
2493,87,404.2,9,10.5,67.5,102,24,38.7,14,-2.5,8.6,19.7,0.953,7.1,5.2,41.8,8.1,1271,7.13,12.88,5.3,17,14.9,9.5
2496,87,411.9,14.4,3,67.2,101,31,57.2,14,-0.4,13.6,17.2,1.001,13.8,-2.6,69,13.9,1445,13.12,12.88,10.3,17,26.7,14.1
2499,87,414.3,9.4,0,66.9,101,37,48.3,14,0.5,14.1,13,1.006,14.4,-3.2,72.7,15.3,1562,13.56,12.88,1.6,17,0,6.5
2502,87,414.6,4.6,0,66.7,102,40,15.3,14,-3.1,3.9,15,0.996,0,-4.7,16.5,0,1283,6.15,12.93,1.6,17,1.3,4.3
2505,87,412,5.9,0,66.7,102,40,29,14,-3.1,6.5,30.4,1.002,5.1,-3.7,28.3,0,1146,3.3,12.96,2.3,17,1.7,5.3
2508,87,411.9,6.3,0,66.7,102,40,28.4,14,-2.6,6.9,36.7,0.995,6.2,-0.8,32,0,1154,3.42,12.96,2.9,17,0,6.4
2511,87,409.2,4.4,0,66.5,102,40,20.7,14,-2.6,5.6,19.2,0.685,3.1,1.8,23.8,0,1240,2.96,12.96,0.4,17,0,3.5
2514,87,402.2,3.5,0,66.3,102,38,13.3,14,-3.1,3.8,-12.4,0,0,0,15.3,0,1262,2.93,12.96,0.4,17,0,3.5
2517,87,394,3.5,0,66.4,102,34,13.3,14,-3.1,3.5,-12,0,0,0,16.1,0,1220,2.94,12.96,0.4,17,0,3.5
2520,87,387.2,3.5,0,66.7,102,28,14.1,14,-3.1,3.8,-12,0,0,0,16.8,0,1164,2.93,12.96,0.4,17,0,3.5
2523,86,376,3.5,0,67,102,22,15.2,14,-3.1,3.7,-12.5,0,0,0,18.1,0,1091,2.89,12.942,0.4,17,0,3.5
2526,86,370,3.5,0,67.3,102,16,15.7,14,-6.3,3.5,-7.8,0.28,0,1.4,20.1,0,988,2.8,12.873,0.4,17,0,3.5
2529,86,363.6,3.3,0,67.5,102,9,18.2,14,-10.2,3.4,0.4,0.899,0,4.7,23.4,0,800,2.4,12.8,0.8,17,0,3.2
2532,86,357.3,3.1,0,67.5,102,3,23.4,14,-10.2,3.1,0,1.013,0,-7.8,31,0,639,2.41,12.901,0.8,17,0,3.1
2535,86,351.2,3.1,0,67.5,102,0,22.7,14,-10.2,3.1,-0.3,1.001,0,-2.2,29.6,0,600,2.35,12.96,0.8,17,0,3
2538,86,343.9,3.1,0,67.5,102,0,22.2,14,-10.2,3.1,-0.5,0.996,0,1.6,28.3,0,605,2.24,12.946,0.8,17,0,2.7
2541,86,341.3,3.1,0,67.5,102,0,22,14,-10.2,3.1,0,0.997,0,1.9,27.8,0,587,2.14,12.88,0.8,17,0,2.7
2544,86,336,4,0,67.4,102,1,24.4,14,-8.5,4.4,4,0.999,0.7,2.8,27.9,0,587,2.21,12.746,0.5,17,0.5,3.7
2547,86,332,6.8,0,67,102,6,32.1,14,-2.3,10.2,22.5,1.013,11,-5.5,43.1,8.5,1426,7.89,12.824,4,17,8.7,7
2550,86,333.2,10.9,0,66.7,102,18,47.1,14,-2.3,11.4,21.7,0.998,11.8,-1.8,54.7,11.9,1529,11.21,12.919,7.5,17,18.7,10.9
2553,86,340.3,13.3,0,66.3,102,28,55.6,14,-2.3,12.7,19.2,1.003,12.8,0,62.8,12.9,1447,12.63,12.96,9.5,17,23.4,12.7
2556,86,347.9,13.7,0,66.3,101,37,58,14,-2.3,13.5,16.7,1.005,13.6,0.3,65.7,13.4,1521,13.57,12.944,10.5,18,25.8,13.7
2559,86,359.3,13.2,46.5,66.1,101,43,55.8,14,-2.3,12.7,18,1,13.3,1,64.9,13.3,1497,13.33,12.882,10.2,18,24.7,13.3
2562,86,369.1,9.4,49.1,65.9,101,46,45.4,14,-2.4,10.5,24.2,1.002,10.5,1.6,50.2,10.6,1375,9.62,12.96,7.8,18,19.7,10.4
2565,86,376,3.9,0,65.9,102,48,17.3,14,-3.1,6.7,35.5,0.979,7.5,-3.1,42,8.4,1229,6.57,12.917,3.9,18,10.1,6.9
2568,86,375.9,3.9,0,65.9,102,47,15.1,14,-3.1,5,8.3,0.48,3.9,-1.7,28.9,4.3,1160,3.94,12.902,0.7,18,0,3.9
2571,87,370.4,4.2,8.8,66.1,102,45,15.2,14,-3.1,3.9,-7.1,0,0.1,0,16.9,0.7,1206,3.11,12.956,0.4,18,0,3.5
2574,87,366.1,5.7,8.1,66.2,102,43,21.3,14,-2.9,5.1,3.8,0.076,0.8,0,16.9,3.9,1237,3.95,12.88,1.9,18,4.5,4.8
2577,87,366.2,7.4,0,65.9,102,42,34.3,14,-2.3,10.2,22,1.013,11,-3.9,45.9,9.2,1291,7.92,12.928,5.1,18,9,6
2580,87,372,6.9,0,65.9,102,46,30.6,14,-2.3,7.8,32.3,1,9.2,-0.5,43.6,9.3,1255,8.12,12.96,5.8,18,8.1,6
2583,87,371.9,3.9,0,65.9,102,46,20.2,14,-2.8,5.3,10.9,0.53,4.6,1,28.4,5.1,1204,5.37,12.96,3.3,18,0,3.9
2586,87,366.7,3.7,0,66.3,102,38,14.6,14,-3.1,4,-11.8,0,0,0,17.3,0,1198,2.99,12.96,0.4,18,0,3.5
2589,87,360.4,3.5,0,66.6,102,26,14.9,14,-4.1,4.3,-10.1,0,0,0,21.6,0,1075,3.48,12.88,0.4,18,0,3.7
2592,87,354.1,3.6,0,66.3,102,12,18,14,-10.2,4.7,32,0.7,5.8,2.9,27.7,5.3,1205,4.87,12.924,2,18,3.6,5
2595,87,347.9,3.9,0,66.3,102,14,14.9,14,-4.9,4.1,17.9,0.956,3.2,3.9,24.6,4,1037,4.26,12.932,2.6,18,6.8,6
2598,87,343.9,3.6,0,66.6,102,9,20,14,-5.9,5.3,18.3,1,3.5,2.1,24.5,2.4,888,3.15,12.89,1.1,18,0,2.7
2601,87,341.6,4.4,0,66.5,102,6,21.7,14,-6.9,5.9,20.3,0.997,8,-0.9,35.4,8.5,1311,7.1,12.96,4.3,18,0,4.8
2604,87,336.8,4.5,0,66.3,102,5,19.9,14,-3.9,3.9,2.4,0.991,0,3.9,25.9,0,712,3.78,12.849,1.9,18,0,4.4
2607,87,330.4,2.9,0.2,66.3,102,0,25.1,14,-10.2,3.5,-3,1.005,0,0.6,29.6,0,652,2.52,12.76,0.8,18,0,2.4
2610,87,324,0,1.8,66.3,102,0,63,14,-0.4,4.3,5,1.003,0,-0.4,16.7,0,359,1.74,12.67,1,18,0,1.4
2613,87,319.9,4.7,3.6,66.3,102,0,35.5,6,3.9,4.7,9.5,0.999,0,0,0,0,0,0.66,12.56,1.6,18,0,6.3
2616,87,320,6.3,4.3,66.3,102,0,0,-1,3.9,4.7,9.5,0.999,0,0,0,0,1,0.67,12.56,1.6,18,0,6.3
2619,87,319.8,6.3,4.3,66.3,102,0,0.1,-1,3.9,4.7,9.5,0.999,0,0,0,0,0,0.66,12.56,1.6,18,0,6.3
2622,87,320,6.3,4.3,66.3,102,0,0,-1,3.9,4.7,9.5,0.999,0,0,0,0,2,0.67,12.561,1.6,18,0,6.3
2625,87,319.5,6.3,4.3,66.3,102,0,0,-1,3.9,4.7,9.5,0.999,0,0,0,0,0,0.66,12.56,1.6,18,0,6.3
2628,87,319.9,6.3,4.3,66.3,102,0,0,-1,3.9,4.7,9.5,0.999,0,0,0,0,0,0.66,12.56,1.6,18,0,6.3
2631,87,320,6.3,4.3,66.3,102,0,0,-1,3.9,4.7,9.5,0.999,0,0,0,0,1,0.67,12.56,1.6,18,0,6.3
2634,87,319.7,6.3,4.3,66.3,102,0,4.7,9.5,0.999,0,0,0,0,0,0.66,12.56,1.6,18,0,6.3,,,
2637,87,320,6.3,4.3,66.3,102,0,12.56,1.6,18,0,6.3,,,,,,,,,,,,
